-- phpMyAdmin SQL Dump
-- version 4.5.3.1
-- http://www.phpmyadmin.net
--
-- Host: localhost
-- Generation Time: May 03, 2016 at 01:20 PM
-- Server version: 5.7.10
-- PHP Version: 7.0.2-4+deb.sury.org~trusty+1

SET SQL_MODE = "NO_AUTO_VALUE_ON_ZERO";
SET time_zone = "+00:00";


/*!40101 SET @OLD_CHARACTER_SET_CLIENT=@@CHARACTER_SET_CLIENT */;
/*!40101 SET @OLD_CHARACTER_SET_RESULTS=@@CHARACTER_SET_RESULTS */;
/*!40101 SET @OLD_COLLATION_CONNECTION=@@COLLATION_CONNECTION */;
/*!40101 SET NAMES utf8mb4 */;

--
-- Database: `halalnutritionfood`
--

-- --------------------------------------------------------

--
-- Table structure for table `certificates`
--

CREATE TABLE `certificates` (
  `id` int(10) UNSIGNED NOT NULL,
  `cCode` varchar(255) COLLATE utf8_unicode_ci NOT NULL,
  `cExpire` date NOT NULL,
  `cStatus` int(11) NOT NULL,
  `cOrganization` varchar(255) COLLATE utf8_unicode_ci NOT NULL,
  `created_at` timestamp NOT NULL DEFAULT '0000-00-00 00:00:00',
  `updated_at` timestamp NOT NULL DEFAULT '0000-00-00 00:00:00'
) ENGINE=InnoDB DEFAULT CHARSET=utf8 COLLATE=utf8_unicode_ci;

--
-- Dumping data for table `certificates`
--

INSERT INTO `certificates` (`id`, `cCode`, `cExpire`, `cStatus`, `cOrganization`, `created_at`, `updated_at`) VALUES
(2, '00100061230412', '2016-06-17', 1, 'Majelis Ulama Indonesia', '2016-04-13 21:41:22', '2016-04-13 21:41:22'),
(3, '00100039300306', '2016-07-09', 1, 'Majelis Ulama Indonesia', '2016-04-13 21:52:09', '2016-04-25 20:59:49'),
(4, '00290047180208	', '2018-06-01', 2, 'Majelis Ulama Indonesia', '2016-04-13 22:05:28', '2016-04-13 22:05:28'),
(5, '00100027970104', '2018-09-03', 2, 'Majelis Ulama Indonesia', '2016-04-13 22:31:36', '2016-04-13 22:31:36'),
(6, '00250017010901', '2017-04-08', 2, 'Majelis Ulama Indonesia', '2016-04-13 23:04:20', '2016-04-24 05:48:39'),
(7, '00040007670298', '2017-03-02', 2, 'Majelis Ulama Indonesia', '2016-04-20 03:58:04', '2016-04-20 03:58:04'),
(8, '00120041860906', '2018-02-17', 2, 'Majelis Ulama Indonesia', '2016-04-21 13:24:35', '2016-04-21 13:24:35'),
(9, '00120017110901', '2016-09-03', 2, 'Majelis Ulama Indonesia', '2016-04-21 13:29:18', '2016-04-21 13:29:18'),
(10, '112126', '2031-03-12', 0, 'sdasdasdas', '2016-04-30 15:33:52', '2016-04-30 16:08:11'),
(12, '112122', '2031-12-03', 0, 'sdasdasdas', '2016-04-30 16:07:57', '2016-04-30 16:07:57'),
(13, '112126', '2031-12-03', 0, 'sdasdasdas', '2016-04-30 16:08:11', '2016-04-30 16:08:11'),
(14, '1212123', '2012-03-12', 0, '11231312', '2016-04-30 16:08:25', '2016-04-30 16:08:25');

-- --------------------------------------------------------

--
-- Table structure for table `foodProducts`
--

CREATE TABLE `foodProducts` (
  `id` int(10) UNSIGNED NOT NULL,
  `fCode` varchar(255) COLLATE utf8_unicode_ci NOT NULL,
  `fName` varchar(255) COLLATE utf8_unicode_ci NOT NULL,
  `fManufacture` varchar(255) COLLATE utf8_unicode_ci NOT NULL,
  `fVerify` int(11) NOT NULL DEFAULT '0',
  `fView` int(11) NOT NULL DEFAULT '0',
  `weight` double(8,2) NOT NULL DEFAULT '0.00',
  `calories` double(8,2) NOT NULL DEFAULT '0.00',
  `totalFat` double(8,2) NOT NULL DEFAULT '0.00',
  `saturatedFat` double(8,2) NOT NULL DEFAULT '0.00',
  `transFat` double(8,2) NOT NULL DEFAULT '0.00',
  `cholesterol` double(8,2) NOT NULL DEFAULT '0.00',
  `sodium` double(8,2) NOT NULL DEFAULT '0.00',
  `totalCarbohydrates` double(8,2) NOT NULL DEFAULT '0.00',
  `dietaryFiber` double(8,2) NOT NULL DEFAULT '0.00',
  `sugar` double(8,2) NOT NULL DEFAULT '0.00',
  `protein` double(8,2) NOT NULL DEFAULT '0.00',
  `vitaminA` double(8,2) NOT NULL DEFAULT '0.00',
  `vitaminC` double(8,2) NOT NULL DEFAULT '0.00',
  `calcium` double(8,2) NOT NULL DEFAULT '0.00',
  `iron` double(8,2) NOT NULL DEFAULT '0.00',
  `user_id` int(10) UNSIGNED NOT NULL,
  `created_at` timestamp NOT NULL DEFAULT '0000-00-00 00:00:00',
  `updated_at` timestamp NOT NULL DEFAULT '0000-00-00 00:00:00'
) ENGINE=InnoDB DEFAULT CHARSET=utf8 COLLATE=utf8_unicode_ci;

--
-- Dumping data for table `foodProducts`
--

INSERT INTO `foodProducts` (`id`, `fCode`, `fName`, `fManufacture`, `fVerify`, `fView`, `weight`, `calories`, `totalFat`, `saturatedFat`, `transFat`, `cholesterol`, `sodium`, `totalCarbohydrates`, `dietaryFiber`, `sugar`, `protein`, `vitaminA`, `vitaminC`, `calcium`, `iron`, `user_id`, `created_at`, `updated_at`) VALUES
(2, '8993027163754', 'Happy Tos Rasa Jagung Bakar', 'PT. Sinar Kencana Agung', 0, 2, 55.00, 280.00, 14.00, 6.00, 0.00, 0.00, 120.00, 35.00, 4.00, 1.00, 4.00, 0.00, 0.00, 0.00, 0.00, 1, '2016-04-13 21:41:22', '2016-04-27 19:03:42'),
(3, '8888166989634', 'Serena Snack', 'PT. Nissin Biscuit Indonesia', 0, 3, 25.00, 110.00, 3.00, 0.00, 0.00, 0.00, 65.00, 20.00, 0.00, 2.00, 2.00, 0.00, 0.00, 0.00, 0.00, 1, '2016-04-13 21:52:09', '2016-05-01 19:17:37'),
(4, '899999034566', 'Walls Cornetto Black and White', 'PT. Unilever Indonesia Tbk', 1, 83, 110.00, 160.00, 5.00, 4.50, 0.00, 0.00, 65.00, 27.00, 1.00, 15.00, 2.00, 0.00, 0.00, 0.00, 0.00, 1, '2016-04-13 22:05:28', '2016-05-02 12:03:32'),
(5, '894755030400', 'Good Time Mini', 'PT. Arnott`s Indonesia', 1, 3, 19.00, 90.00, 4.00, 2.50, 0.00, 0.00, 90.00, 13.00, 2.00, 5.00, 1.00, 0.00, 0.00, 0.00, 0.00, 1, '2016-04-13 22:31:36', '2016-05-01 17:24:05'),
(13, '839278100340', 'Wong Coco Es Bon Bon', 'PT. Keong Nusantara Abadi', 1, 46, 80.00, 70.00, 0.00, 1.00, 0.00, 0.00, 10.00, 16.00, 0.00, 14.00, 1.00, 0.00, 0.00, 0.00, 0.00, 1, '2016-04-13 23:17:29', '2016-05-03 08:57:29'),
(14, '8998009010231', 'Ultra Milk - Minuman Susu UHT Rasa Coklat', 'PT. Ultrajaya Milk Industry', 0, 48, 250.00, 190.00, 5.00, 3.00, 0.00, 10.00, 55.00, 28.00, 0.00, 17.00, 8.00, 25.00, 10.00, 30.00, 4.00, 1, '2016-04-20 03:58:04', '2016-05-01 18:22:08'),
(15, '8998866500708', 'Floridina "Minuman Rasa Buah Jeruk"', 'PT. Tirta Alam Segar', 0, 4, 350.00, 150.00, 0.00, 0.00, 0.00, 0.00, 40.00, 37.00, 0.00, 37.00, 0.00, 0.00, 160.00, 0.00, 0.00, 1, '2016-04-21 13:24:35', '2016-05-01 19:17:11'),
(16, '8991002103535', 'Good Day Original', 'PT. Santos Jaya Abadi', 0, 7, 20.00, 90.00, 2.00, 1.00, 0.00, 0.00, 0.00, 16.00, 2.00, 8.00, 1.00, 0.00, 10.00, 0.00, 0.00, 1, '2016-04-21 13:29:18', '2016-05-01 19:14:03');

-- --------------------------------------------------------

--
-- Table structure for table `foodProduct_certificate`
--

CREATE TABLE `foodProduct_certificate` (
  `foodProduct_id` int(10) UNSIGNED NOT NULL,
  `certificate_id` int(10) UNSIGNED NOT NULL,
  `created_at` timestamp NOT NULL DEFAULT '0000-00-00 00:00:00',
  `updated_at` timestamp NOT NULL DEFAULT '0000-00-00 00:00:00'
) ENGINE=InnoDB DEFAULT CHARSET=utf8 COLLATE=utf8_unicode_ci;

--
-- Dumping data for table `foodProduct_certificate`
--

INSERT INTO `foodProduct_certificate` (`foodProduct_id`, `certificate_id`, `created_at`, `updated_at`) VALUES
(2, 2, '2016-04-13 21:41:22', '2016-04-13 21:41:22'),
(3, 3, '2016-04-13 21:52:09', '2016-04-13 21:52:09'),
(4, 4, '2016-04-13 22:05:28', '2016-04-13 22:05:28'),
(5, 5, '2016-04-13 22:31:36', '2016-04-13 22:31:36'),
(13, 6, '2016-04-13 23:17:29', '2016-04-13 23:17:29'),
(14, 7, '2016-04-20 03:58:04', '2016-04-20 03:58:04'),
(15, 8, '2016-04-21 13:24:35', '2016-04-21 13:24:35'),
(16, 9, '2016-04-21 13:29:18', '2016-04-21 13:29:18');

-- --------------------------------------------------------

--
-- Table structure for table `foodProduct_ingredient`
--

CREATE TABLE `foodProduct_ingredient` (
  `foodProduct_id` int(10) UNSIGNED NOT NULL,
  `ingredient_id` int(10) UNSIGNED NOT NULL,
  `created_at` timestamp NOT NULL DEFAULT '0000-00-00 00:00:00',
  `updated_at` timestamp NOT NULL DEFAULT '0000-00-00 00:00:00'
) ENGINE=InnoDB DEFAULT CHARSET=utf8 COLLATE=utf8_unicode_ci;

--
-- Dumping data for table `foodProduct_ingredient`
--

INSERT INTO `foodProduct_ingredient` (`foodProduct_id`, `ingredient_id`, `created_at`, `updated_at`) VALUES
(2, 333, '2016-04-13 21:41:22', '2016-04-13 21:41:22'),
(2, 334, '2016-04-13 21:41:22', '2016-04-13 21:41:22'),
(2, 283, '2016-04-13 21:41:22', '2016-04-13 21:41:22'),
(2, 335, '2016-04-13 21:41:22', '2016-04-13 21:41:22'),
(2, 8, '2016-04-13 21:41:22', '2016-04-13 21:41:22'),
(4, 345, '2016-04-13 22:05:28', '2016-04-13 22:05:28'),
(4, 346, '2016-04-13 22:05:28', '2016-04-13 22:05:28'),
(4, 347, '2016-04-13 22:05:28', '2016-04-13 22:05:28'),
(4, 46, '2016-04-13 22:05:28', '2016-04-13 22:05:28'),
(4, 348, '2016-04-13 22:05:28', '2016-04-13 22:05:28'),
(4, 349, '2016-04-13 22:05:28', '2016-04-13 22:05:28'),
(4, 340, '2016-04-13 22:05:28', '2016-04-13 22:05:28'),
(4, 350, '2016-04-13 22:05:28', '2016-04-13 22:05:28'),
(4, 342, '2016-04-13 22:05:28', '2016-04-13 22:05:28'),
(4, 71, '2016-04-13 22:05:28', '2016-04-13 22:05:28'),
(4, 339, '2016-04-13 22:05:28', '2016-04-13 22:05:28'),
(4, 351, '2016-04-13 22:05:28', '2016-04-13 22:05:28'),
(4, 133, '2016-04-13 22:05:28', '2016-04-13 22:05:28'),
(4, 352, '2016-04-13 22:05:28', '2016-04-13 22:05:28'),
(4, 353, '2016-04-13 22:05:28', '2016-04-13 22:05:28'),
(4, 354, '2016-04-13 22:05:28', '2016-04-13 22:05:28'),
(4, 355, '2016-04-13 22:05:28', '2016-04-13 22:05:28'),
(4, 356, '2016-04-13 22:05:28', '2016-04-13 22:05:28'),
(4, 357, '2016-04-13 22:05:28', '2016-04-13 22:05:28'),
(4, 39, '2016-04-13 22:05:28', '2016-04-13 22:05:28'),
(4, 358, '2016-04-13 22:05:28', '2016-04-13 22:05:28'),
(4, 24, '2016-04-13 22:05:28', '2016-04-13 22:05:28'),
(5, 346, '2016-04-13 22:31:36', '2016-04-13 22:31:36'),
(5, 359, '2016-04-13 22:31:36', '2016-04-13 22:31:36'),
(5, 340, '2016-04-13 22:31:36', '2016-04-13 22:31:36'),
(5, 360, '2016-04-13 22:31:36', '2016-04-13 22:31:36'),
(5, 353, '2016-04-13 22:31:36', '2016-04-13 22:31:36'),
(5, 230, '2016-04-13 22:31:36', '2016-04-13 22:31:36'),
(5, 361, '2016-04-13 22:31:36', '2016-04-13 22:31:36'),
(5, 344, '2016-04-13 22:31:36', '2016-04-13 22:31:36'),
(5, 354, '2016-04-13 22:31:36', '2016-04-13 22:31:36'),
(5, 362, '2016-04-13 22:31:36', '2016-04-13 22:31:36'),
(5, 363, '2016-04-13 22:31:36', '2016-04-13 22:31:36'),
(14, 368, '2016-04-20 03:58:04', '2016-04-20 03:58:04'),
(14, 340, '2016-04-20 03:58:04', '2016-04-20 03:58:04'),
(14, 350, '2016-04-20 03:58:04', '2016-04-20 03:58:04'),
(14, 353, '2016-04-20 03:58:04', '2016-04-20 03:58:04'),
(14, 369, '2016-04-20 03:58:04', '2016-04-20 03:58:04'),
(14, 370, '2016-04-20 03:58:04', '2016-04-20 03:58:04'),
(14, 344, '2016-04-20 03:58:04', '2016-04-20 03:58:04'),
(15, 345, '2016-04-21 13:24:35', '2016-04-21 13:24:35'),
(15, 340, '2016-04-21 13:24:35', '2016-04-21 13:24:35'),
(15, 371, '2016-04-21 13:24:35', '2016-04-21 13:24:35'),
(15, 372, '2016-04-21 13:24:35', '2016-04-21 13:24:35'),
(15, 373, '2016-04-21 13:24:35', '2016-04-21 13:24:35'),
(15, 137, '2016-04-21 13:24:35', '2016-04-21 13:24:35'),
(15, 138, '2016-04-21 13:24:35', '2016-04-21 13:24:35'),
(15, 374, '2016-04-21 13:24:35', '2016-04-21 13:24:35'),
(15, 47, '2016-04-21 13:24:35', '2016-04-21 13:24:35'),
(16, 340, '2016-04-21 13:29:18', '2016-04-21 13:29:18'),
(16, 375, '2016-04-21 13:29:18', '2016-04-21 13:29:18'),
(16, 376, '2016-04-21 13:29:18', '2016-04-21 13:29:18'),
(16, 377, '2016-04-21 13:29:18', '2016-04-21 13:29:18'),
(16, 378, '2016-04-21 13:29:18', '2016-04-21 13:29:18'),
(3, 336, '2016-04-25 20:59:49', '2016-04-25 20:59:49'),
(3, 337, '2016-04-25 20:59:49', '2016-04-25 20:59:49'),
(3, 338, '2016-04-25 20:59:49', '2016-04-25 20:59:49'),
(3, 339, '2016-04-25 20:59:49', '2016-04-25 20:59:49'),
(3, 340, '2016-04-25 20:59:49', '2016-04-25 20:59:49'),
(3, 341, '2016-04-25 20:59:49', '2016-04-25 20:59:49'),
(3, 342, '2016-04-25 20:59:49', '2016-04-25 20:59:49'),
(3, 343, '2016-04-25 20:59:49', '2016-04-25 20:59:49'),
(3, 283, '2016-04-25 20:59:49', '2016-04-25 20:59:49'),
(3, 344, '2016-04-25 20:59:49', '2016-04-25 20:59:49'),
(13, 340, '2016-05-03 08:56:48', '2016-05-03 08:56:48'),
(13, 364, '2016-05-03 08:56:48', '2016-05-03 08:56:48'),
(13, 365, '2016-05-03 08:56:48', '2016-05-03 08:56:48'),
(13, 366, '2016-05-03 08:56:48', '2016-05-03 08:56:48'),
(13, 137, '2016-05-03 08:56:48', '2016-05-03 08:56:48'),
(13, 367, '2016-05-03 08:56:48', '2016-05-03 08:56:48'),
(13, 74, '2016-05-03 08:56:48', '2016-05-03 08:56:48'),
(13, 3, '2016-05-03 08:56:48', '2016-05-03 08:56:48'),
(13, 21, '2016-05-03 08:56:48', '2016-05-03 08:56:48'),
(13, 24, '2016-05-03 08:56:48', '2016-05-03 08:56:48'),
(13, 345, '2016-05-03 08:56:48', '2016-05-03 08:56:48');

-- --------------------------------------------------------

--
-- Table structure for table `halalSources`
--

CREATE TABLE `halalSources` (
  `id` int(10) UNSIGNED NOT NULL,
  `hStatus` int(11) NOT NULL,
  `hDescription` text COLLATE utf8_unicode_ci NOT NULL,
  `hOrganization` varchar(255) COLLATE utf8_unicode_ci NOT NULL,
  `hUrl` text COLLATE utf8_unicode_ci,
  `created_at` timestamp NOT NULL DEFAULT '0000-00-00 00:00:00',
  `updated_at` timestamp NOT NULL DEFAULT '0000-00-00 00:00:00'
) ENGINE=InnoDB DEFAULT CHARSET=utf8 COLLATE=utf8_unicode_ci;

--
-- Dumping data for table `halalSources`
--

INSERT INTO `halalSources` (`id`, `hStatus`, `hDescription`, `hOrganization`, `hUrl`, `created_at`, `updated_at`) VALUES
(1, 1, 'Color Halal only if they are 100% but in food industry they are not available 100% but made with fat based emulsifiers such as Polysorbate 80', 'Muslim Customer Group', 'http://www.muslimconsumergroup.com/e-numbers_list.html', '2005-09-28 13:52:02', '2016-04-13 13:52:02'),
(2, 1, 'Color Halal if it is made from synthetic source otherwise need investigation for it source', 'Muslim Customer Group', 'http://www.muslimconsumergroup.com/e-numbers_list.html', '2005-09-28 13:52:02', '2016-04-13 13:52:02'),
(3, 0, 'Tartazine if obtained from natural source then it is soluble in water then it is Halal. If obtained from synthetic dye then it is Halal only if it mix with vegetable oil.', 'Muslim Customer Group', 'http://www.muslimconsumergroup.com/e-numbers_list.html', '2015-05-02 13:52:02', '2016-04-13 13:52:02'),
(4, 1, 'This is coloring E-Number but Halal only if the solvents are Halal. It is obtained from a plant.', 'Muslim Customer Group', 'http://www.muslimconsumergroup.com/e-numbers_list.html', '2005-09-28 13:52:02', '2016-04-13 13:52:02'),
(5, 1, 'aasdas', '345', 'google', '2005-09-28 13:52:02', '2016-04-25 20:47:34'),
(6, 1, 'It is a chemical dye and Halal if used as dry powder. Liquid form is Halal only if Halal solvent was used. It is forbidden in USA & Europe.', 'Muslim Customer Group', 'http://www.muslimconsumergroup.com/e-numbers_list.html', '2005-09-28 13:52:02', '2016-04-13 13:52:02'),
(7, 0, 'A color, it is a synthetic chemical dye obtained from coal tar and yellow Azo dye and it is soluble in water.', 'Muslim Customer Group', 'http://www.muslimconsumergroup.com/e-numbers_list.html', '2013-01-07 13:52:02', '2016-04-13 13:52:02'),
(8, 0, 'Color It is a chemical dye and it is Halal as dry powder. Only 2% of it is not soluble in water.', 'Muslim Customer Group', 'http://www.muslimconsumergroup.com/e-numbers_list.html', '2005-09-28 13:52:02', '2016-04-13 13:52:02'),
(9, 0, 'Amylase enzyme is called in European Union as ENumber 1100 and it is Halal obtained from plant source or from fungi.', 'Muslim Customer Group', 'http://www.muslimconsumergroup.com/e-numbers_list.html', '2015-09-18 13:52:02', '2016-04-13 13:52:02'),
(10, 1, 'Protease enzyme has E-Number 1101 which can by obtained from animal or plant. A Green Dot on the package of food product in India indicate it is from plant. A Halal or Kosher symbol on food product in USA/Canada containing protease enzyme indicates it is from plant source and Halal.', 'Muslim Customer Group', 'http://www.muslimconsumergroup.com/e-numbers_list.html', '2015-09-18 13:52:02', '2016-04-13 13:52:02'),
(11, 0, 'Invertase is obtained from yeast and also synthesized by honey bees. Invertase breaks sucrose(table sugar) into glucose and frustose the simple sugar.', 'Muslim Customer Group', 'http://www.muslimconsumergroup.com/e-numbers_list.html', '2011-06-14 13:52:02', '2016-04-13 13:52:02'),
(12, 0, 'It is an enzyme found in egg white.', 'Muslim Customer Group', 'http://www.muslimconsumergroup.com/e-numbers_list.html', '2013-01-07 13:52:02', '2016-04-13 13:52:02'),
(13, 2, 'Color Obtained from insects. All insects except Locust are Haram in Islam.', 'Muslim Customer Group', 'http://www.muslimconsumergroup.com/e-numbers_list.html', '2005-09-28 13:52:02', '2016-04-13 13:52:02'),
(14, 0, 'A starch based thickener, stabilizer, humectant.', 'Muslim Customer Group', 'http://www.muslimconsumergroup.com/e-numbers_list.html', '2011-06-14 13:52:02', '2016-04-13 13:52:02'),
(15, 0, 'Water soluble polymer', 'Muslim Customer Group', 'http://www.muslimconsumergroup.com/e-numbers_list.html', '2011-06-14 13:52:02', '2016-04-13 13:52:02'),
(16, 1, 'Color It is chemical dye and Halal if use as a powder. Liquid Color is Halal only if Halal solvents are used. It is used in fermented heated food products which may not be Halal.', 'Muslim Customer Group', 'http://www.muslimconsumergroup.com/e-numbers_list.html', '2005-09-28 13:52:02', '2016-04-13 13:52:02'),
(17, 1, 'Color It is Dry form petroleum base. It is Halal if use as a powder dye. Liquid dye is Halal only if only Halal solvents are used.', 'Muslim Customer Group', 'http://www.muslimconsumergroup.com/e-numbers_list.html', '2005-09-28 13:52:02', '2016-04-13 13:52:02'),
(18, 2, 'Color Cochineal Red A is a Haram Color. Ponceau 4R is a synthetic color. It is Halal if used in dry form from Halal sources but liquid form is Halal if Halal solvents are used', 'Muslim Customer Group', 'http://www.muslimconsumergroup.com/e-numbers_list.html', '2005-09-28 13:52:02', '2016-04-13 13:52:02'),
(19, 1, 'Color It is a chemical dye Halal only in its dry form. Liquid form is Halal only if Halal solvents are used.', 'Muslim Customer Group', 'http://www.muslimconsumergroup.com/e-numbers_list.html', '2005-09-28 13:52:02', '2016-04-13 13:52:02'),
(20, 1, 'Colors It is a chemical dye, Halal only in its dry form. Liquid form is Halal only if Halal solvents are used.', 'Muslim Customer Group', 'http://www.muslimconsumergroup.com/e-numbers_list.html', '2005-09-28 13:52:02', '2016-04-13 13:52:02'),
(21, 0, 'It is a red azo dye used for color in foods. Since it is soluble in water, both dry or liquid forms are Halal.', 'Muslim Customer Group', 'http://www.muslimconsumergroup.com/e-numbers_list.html', '2011-06-14 13:52:02', '2016-04-13 13:52:02'),
(22, 1, 'Color It is a chemical dye Halal only in its dry form. Liquid form is Halal only if Halal solvents are used.', 'Muslim Customer Group', 'http://www.muslimconsumergroup.com/e-numbers_list.html', '2005-09-28 13:52:02', '2016-04-13 13:52:02'),
(23, 1, 'Color It is used to be extracted from plant but now it is synthetically produced and It is Halal if synthetically produced from Halal sources. Liquid for requires solvent, liquid for is Halal only if Halal solvent are used.', 'Muslim Customer Group', 'http://www.muslimconsumergroup.com/e-numbers_list.html', '2005-09-28 13:52:02', '2016-04-13 13:52:02'),
(24, 0, 'Colors It is a chemical dye made from aromatic hydrocarbon from petroleum source. It is soluble in water so do not need any solvent. It is a Halal dye.', 'Muslim Customer Group', 'http://www.muslimconsumergroup.com/e-numbers_list.html', '2005-09-28 13:52:02', '2016-04-13 13:52:02'),
(25, 1, 'Color It is a plant pigment and Halal only if extracting solvents are Halal not alcohol.', 'Muslim Customer Group', 'http://www.muslimconsumergroup.com/e-numbers_list.html', '2005-09-28 13:52:02', '2016-04-13 13:52:02'),
(26, 0, 'It is a low molecular carbohysrate obtained through starch hydroloysis or through action of Amylase enzyme(Halal). It is used as a carrier in dry flavors, use in dry beverage mixes and soups.', 'Muslim Customer Group', 'http://www.muslimconsumergroup.com/e-numbers_list.html', '2011-06-14 13:52:02', '2016-04-13 13:52:02'),
(27, 0, 'Starch is modified with an acid.', 'Muslim Customer Group', 'http://www.muslimconsumergroup.com/e-numbers_list.html', '2011-06-14 13:52:02', '2016-04-13 13:52:02'),
(28, 0, 'Starch oxidized with chemical', 'Muslim Customer Group', 'http://www.muslimconsumergroup.com/e-numbers_list.html', '2011-06-14 13:52:02', '2016-04-13 13:52:02'),
(29, 1, 'Color It is a plant pigment and Halal only if extracting solvents are Halal not alcohol.', 'Muslim Customer Group', 'http://www.muslimconsumergroup.com/e-numbers_list.html', '2005-09-28 13:52:02', '2016-04-13 13:52:02'),
(30, 1, 'Phosphate in Europe is also obtained from animal bones. So please the check the source of phosphate. "Suitable for Vegetarian" label on food package indicates that it is obtained from from mineral." In USA it is obtained from minerals and it is Halal.', 'Muslim Customer Group', 'http://www.muslimconsumergroup.com/e-numbers_list.html', '2011-06-14 13:52:02', '2016-04-13 13:52:02'),
(31, 1, 'Phosphate in Europe is also obtained from animal bones. So please the check the source of phosphate. "Suitable for Vegetarian" label on food package indicates that it is obtained from from mineral." In USA it is obtained from minerals and it is Halal.', 'Muslim Customer Group', 'http://www.muslimconsumergroup.com/e-numbers_list.html', '2011-06-14 13:52:02', '2016-04-13 13:52:02'),
(32, 1, 'Phosphate in Europe is also obtained from animal bones. So please the check the source of phosphate. "Suitable for Vegetarian" label on food package indicates that it is obtained from from mineral." In USA it is obtained from minerals and it is Halal.', 'Muslim Customer Group', 'http://www.muslimconsumergroup.com/e-numbers_list.html', '2011-06-14 13:52:02', '2016-04-13 13:52:02'),
(33, 0, 'Color This is a synthetic color soluble in water', 'Muslim Customer Group', 'http://www.muslimconsumergroup.com/e-numbers_list.html', '2005-09-28 13:52:02', '2016-04-13 13:52:02'),
(34, 0, 'Chemically modified starch', 'Muslim Customer Group', 'http://www.muslimconsumergroup.com/e-numbers_list.html', '2011-06-14 13:52:02', '2016-04-13 13:52:02'),
(35, 1, 'Phosphate in Europe is also obtained from animal bones. So please the check the source of phosphate. "Suitable for Vegetarian" label on food package indicates that it is obtained from from mineral." In USA it is obtained from minerals and it is Halal.', 'Muslim Customer Group', 'http://www.muslimconsumergroup.com/e-numbers_list.html', '2011-06-14 13:52:02', '2016-04-13 13:52:02'),
(36, 1, 'Phosphate in Europe is also obtained from animal bones. So please the check the source of phosphate. "Suitable for Vegetarian" label on food package indicates that it is obtained from from mineral." In USA it is obtained from minerals and it is Halal.', 'Muslim Customer Group', 'http://www.muslimconsumergroup.com/e-numbers_list.html', '2011-06-14 13:52:02', '2016-04-13 13:52:02'),
(37, 0, 'Chemically modified starch with octenylsuccinate.', 'Muslim Customer Group', 'http://www.muslimconsumergroup.com/e-numbers_list.html', '2011-06-14 13:52:02', '2016-04-13 13:52:02'),
(38, 0, 'Chemically modified starch', 'Muslim Customer Group', 'http://www.muslimconsumergroup.com/e-numbers_list.html', '2011-06-14 13:52:02', '2016-04-13 13:52:02'),
(39, 0, 'Color', 'Muslim Customer Group', 'http://www.muslimconsumergroup.com/e-numbers_list.html', '2005-09-28 13:52:02', '2016-04-13 13:52:02'),
(40, 0, 'A ester of citric acid', 'Muslim Customer Group', 'http://www.muslimconsumergroup.com/e-numbers_list.html', '2011-06-14 13:52:02', '2016-04-13 13:52:02'),
(41, 0, 'Color This is a synthetic color soluble in water', 'Muslim Customer Group', 'http://www.muslimconsumergroup.com/e-numbers_list.html', '2005-09-28 13:52:02', '2016-04-13 13:52:02'),
(42, 0, 'A artficial chemical compond used as a solvent in flavors and also as humectant.', 'Muslim Customer Group', 'http://www.muslimconsumergroup.com/e-numbers_list.html', '2011-06-14 13:52:02', '2016-04-13 13:52:02'),
(43, 0, 'A petroleum based Halal humectant used as a solvent in food flavors.', 'Muslim Customer Group', 'http://www.muslimconsumergroup.com/e-numbers_list.html', '2011-06-14 13:52:02', '2016-04-13 13:52:02'),
(44, 0, 'Color Obtained from Coal Tar', 'Muslim Customer Group', 'http://www.muslimconsumergroup.com/e-numbers_list.html', '2005-09-28 13:52:02', '2016-04-13 13:52:02'),
(45, 0, 'Colors It is synthetic Azo dye and soluble in water', 'Muslim Customer Group', 'http://www.muslimconsumergroup.com/e-numbers_list.html', '2005-09-28 13:52:02', '2016-04-13 13:52:02'),
(46, 1, 'Colors It is a synthetic coal tar diazo dye. It is Halal if used as powder. Liquid Brown HT is Halal only if the solvents are Halal.', 'Muslim Customer Group', 'http://www.muslimconsumergroup.com/e-numbers_list.html', '2005-09-28 13:52:02', '2016-04-13 13:52:02'),
(47, 1, 'Color - Carotene Carotene color is obtained from plant source but it is not available in 100% form because it is not soluble in water. Gelatin is added to help mix in liquid products. In USA fish gelatin is used so it is Halal in USA but in UK they may not use fish gelatin but may use gelatin from pork or beef.', 'Muslim Customer Group', 'http://www.muslimconsumergroup.com/e-numbers_list.html', '2005-09-28 13:52:02', '2016-04-13 13:52:02'),
(48, 0, 'Color - Annatto is a Halal color and it is used with water in liquid products.', 'Muslim Customer Group', 'http://www.muslimconsumergroup.com/e-numbers_list.html', '2005-09-28 13:52:02', '2016-04-13 13:52:02'),
(49, 0, 'Color- It has plant origin and available in oil or water soluble form.', 'Muslim Customer Group', 'http://www.muslimconsumergroup.com/e-numbers_list.html', '2005-09-28 13:52:02', '2016-04-13 13:52:02'),
(50, 1, 'Color - Carotene Lycopne is a bright red carotene and carotenoid obtained from tomato and other red fruit and vegetables. It is not soluble in water but dissolve in oil and organic solvents. It is Halal if dissolve in oil and mushbooh when dissolve in organic solvents.', 'Muslim Customer Group', 'http://www.muslimconsumergroup.com/e-numbers_list.html', '2005-09-28 13:52:02', '2016-04-13 13:52:02'),
(51, 1, 'Color - Carotene arotene color is obtained from plant source but it is not available in 100% form because it is not soluble in water. Gelatin is added to help mix in liquid products. In USA fish gelatin is used so it is Halal in USA but in UK they may not use fish gelatin but may use gelatin from pork or beef.', 'Muslim Customer Group', 'http://www.muslimconsumergroup.com/e-numbers_list.html', '2005-09-28 13:52:02', '2016-04-13 13:52:02'),
(52, 1, 'Color - Carotene arotene color is obtained from plant source but it is not available in 100% form because it is not soluble in water. Gelatin is added to help mix in liquid products. In USA fish gelatin is used so it is Halal in USA but in UK they may not use fish gelatin but may use gelatin from pork or beef.', 'Muslim Customer Group', 'http://www.muslimconsumergroup.com/e-numbers_list.html', '2005-09-28 13:52:02', '2016-04-13 13:52:02'),
(53, 1, 'Color It is a natural pigment. Halal status is depend upon (a) what extracting material used to obtained the pigment (2) what solvent used for its liquid form.', 'Muslim Customer Group', 'http://www.muslimconsumergroup.com/e-numbers_list.html', '2005-09-28 13:52:02', '2016-04-13 13:52:02'),
(54, 1, 'Color Lutein is xanthophyll carotene. It is present in plant as fatty acid ester. It is extrcted from marigold petals. Its Halal status depend upon the Halal status of extracting chemicals, if it is extracted by alcohol then it is not Halal.', 'Muslim Customer Group', 'http://www.muslimconsumergroup.com/e-numbers_list.html', '2005-09-28 13:52:02', '2016-04-13 13:52:02'),
(55, 1, 'Color Cryptoxanthin is a natural carotene pigment and it is found in petal of flower of plants. Its Halal status depend upon the Halal status of extracting chemicals, if it is extracted by alcohol then it is not Halal.', 'Muslim Customer Group', 'http://www.muslimconsumergroup.com/e-numbers_list.html', '2005-09-28 13:52:02', '2016-04-13 13:52:02'),
(56, 1, 'Color Rubixanthin is a xanthophyl pigment of plants. Its Halal status is depend upon extracting chemicals and solvents used in its liquid form.', 'Muslim Customer Group', 'http://www.muslimconsumergroup.com/e-numbers_list.html', '2005-09-28 13:52:02', '2016-04-13 13:52:02'),
(57, 1, 'Color violaxanthin is a xanthophyl pigment of plants. Its Halal status is depend upon extracting chemicals and solvents used in its liquid form.', 'Muslim Customer Group', 'http://www.muslimconsumergroup.com/e-numbers_list.html', '2005-09-28 13:52:02', '2016-04-13 13:52:02'),
(58, 1, 'Color Rhodoxanthin is a xanthophyl pigment of plants. Its Halal status is depend upon extracting chemicals and solvents used in its liquid form.', 'Muslim Customer Group', 'http://www.muslimconsumergroup.com/e-numbers_list.html', '2005-09-28 13:52:02', '2016-04-13 13:52:02'),
(59, 1, 'Color Canthaxanthin is a carotene pigment of plants. Its Halal status is depend upon extracting chemicals and solvents used in its liquid form.', 'Muslim Customer Group', 'http://www.muslimconsumergroup.com/e-numbers_list.html', '2005-09-28 13:52:02', '2016-04-13 13:52:02'),
(60, 1, 'Color Beetroot Red is a food dye extracted from beet or beet juice. Its Halal status is depend upon extracting chemicals and solvents used in its liquid form.', 'Muslim Customer Group', 'http://www.muslimconsumergroup.com/e-numbers_list.html', '2005-09-28 13:52:02', '2016-04-13 13:52:02'),
(61, 0, 'Color Anthocyanins is a water soluble pigment obtained from plants by extracting with water and it is a Halal color.', 'Muslim Customer Group', 'http://www.muslimconsumergroup.com/e-numbers_list.html', '2005-09-28 13:52:02', '2016-04-13 13:52:02'),
(62, 0, 'It is a Inorganic chemical.', 'Muslim Customer Group', 'http://www.muslimconsumergroup.com/e-numbers_list.html', '2005-09-28 13:52:02', '2016-04-13 13:52:02'),
(63, 0, 'It is a Inorganic chemical and use in food products to provide white color.', 'Muslim Customer Group', 'http://www.muslimconsumergroup.com/e-numbers_list.html', '2005-09-28 13:52:02', '2016-04-13 13:52:02'),
(64, 0, 'Iron is a metal. Iron Oxide and Iron Hydroxides are inorganic chemicals.', 'Muslim Customer Group', 'http://www.muslimconsumergroup.com/e-numbers_list.html', '2005-09-28 13:52:02', '2016-04-13 13:52:02'),
(65, 0, 'It is a metal.', 'Muslim Customer Group', 'http://www.muslimconsumergroup.com/e-numbers_list.html', '2005-09-28 13:52:02', '2016-04-13 13:52:02'),
(66, 0, 'It is a metal.', 'Muslim Customer Group', 'http://www.muslimconsumergroup.com/e-numbers_list.html', '2005-09-28 13:52:02', '2016-04-13 13:52:02'),
(67, 0, 'It is a metal', 'Muslim Customer Group', 'http://www.muslimconsumergroup.com/e-numbers_list.html', '2005-09-28 13:52:02', '2016-04-13 13:52:02'),
(68, 1, 'Color - It is synthetic Azo dye. It is Halal if used as a powder but it is mushbooh if used in liquid form because solvent has to be Halal.', 'Muslim Customer Group', 'http://www.muslimconsumergroup.com/e-numbers_list.html', '2005-09-28 13:52:02', '2016-04-13 13:52:02'),
(69, 0, 'Chemical Preservative', 'Muslim Customer Group', 'http://www.muslimconsumergroup.com/e-numbers_list.html', '2005-09-28 13:52:02', '2016-04-13 13:52:02'),
(70, 0, 'Chemical Preservative', 'Muslim Customer Group', 'http://www.muslimconsumergroup.com/e-numbers_list.html', '2005-09-28 13:52:02', '2016-04-13 13:52:02'),
(71, 0, 'Chemical Preservative', 'Muslim Customer Group', 'http://www.muslimconsumergroup.com/e-numbers_list.html', '2005-09-28 13:52:02', '2016-04-13 13:52:02'),
(72, 0, 'Chemical Preservative', 'Muslim Customer Group', 'http://www.muslimconsumergroup.com/e-numbers_list.html', '2005-09-28 13:52:02', '2016-04-13 13:52:02'),
(73, 0, 'Chemical Preservative', 'Muslim Customer Group', 'http://www.muslimconsumergroup.com/e-numbers_list.html', '2005-09-28 13:52:02', '2016-04-13 13:52:02'),
(74, 0, 'Chemical Preservative', 'Muslim Customer Group', 'http://www.muslimconsumergroup.com/e-numbers_list.html', '2005-09-28 13:52:02', '2016-04-13 13:52:02'),
(75, 0, 'Chemical Preservative', 'Muslim Customer Group', 'http://www.muslimconsumergroup.com/e-numbers_list.html', '2005-09-28 13:52:02', '2016-04-13 13:52:02'),
(76, 0, 'Chemical Preservative', 'Muslim Customer Group', 'http://www.muslimconsumergroup.com/e-numbers_list.html', '2005-09-28 13:52:02', '2016-04-13 13:52:02'),
(77, 0, 'Chemical Preservative', 'Muslim Customer Group', 'http://www.muslimconsumergroup.com/e-numbers_list.html', '2005-09-28 13:52:02', '2016-04-13 13:52:02'),
(78, 0, 'Chemical Preservative', 'Muslim Customer Group', 'http://www.muslimconsumergroup.com/e-numbers_list.html', '2005-09-28 13:52:02', '2016-04-13 13:52:02'),
(79, 0, 'Chemical Preservative', 'Muslim Customer Group', 'http://www.muslimconsumergroup.com/e-numbers_list.html', '2005-09-28 13:52:02', '2016-04-13 13:52:02'),
(80, 0, 'Chemical Preservative', 'Muslim Customer Group', 'http://www.muslimconsumergroup.com/e-numbers_list.html', '2005-09-28 13:52:02', '2016-04-13 13:52:02'),
(81, 0, 'Chemical Preservative', 'Muslim Customer Group', 'http://www.muslimconsumergroup.com/e-numbers_list.html', '2005-09-28 13:52:02', '2016-04-13 13:52:02'),
(82, 0, 'Chemical Preservative', 'Muslim Customer Group', 'http://www.muslimconsumergroup.com/e-numbers_list.html', '2005-09-28 13:52:02', '2016-04-13 13:52:02'),
(83, 0, 'Chemical Preservative', 'Muslim Customer Group', 'http://www.muslimconsumergroup.com/e-numbers_list.html', '2005-09-28 13:52:02', '2016-04-13 13:52:02'),
(84, 0, 'Chemical Preservative', 'Muslim Customer Group', 'http://www.muslimconsumergroup.com/e-numbers_list.html', '2005-09-28 13:52:02', '2016-04-13 13:52:02'),
(85, 0, 'Chemical Preservative', 'Muslim Customer Group', 'http://www.muslimconsumergroup.com/e-numbers_list.html', '2005-09-28 13:52:02', '2016-04-13 13:52:02'),
(86, 0, 'Chemical Preservative', 'Muslim Customer Group', 'http://www.muslimconsumergroup.com/e-numbers_list.html', '2005-09-28 13:52:02', '2016-04-13 13:52:02'),
(87, 0, 'Chemical Preservative', 'Muslim Customer Group', 'http://www.muslimconsumergroup.com/e-numbers_list.html', '2005-09-28 13:52:02', '2016-04-13 13:52:02'),
(88, 0, 'Chemical Preservative', 'Muslim Customer Group', 'http://www.muslimconsumergroup.com/e-numbers_list.html', '2005-09-28 13:52:02', '2016-04-13 13:52:02'),
(89, 0, 'Chemical Preservative', 'Muslim Customer Group', 'http://www.muslimconsumergroup.com/e-numbers_list.html', '2005-09-28 13:52:02', '2016-04-13 13:52:02'),
(90, 0, 'Chemical preservative.', 'Muslim Customer Group', 'http://www.muslimconsumergroup.com/e-numbers_list.html', '2005-09-28 13:52:02', '2016-04-13 13:52:02'),
(91, 0, 'Bipheny is a organic compound used as heat transfer. It is used in fungicide. It is used as a preservative in foods.', 'Muslim Customer Group', 'http://www.muslimconsumergroup.com/e-numbers_list.html', '2005-09-28 13:52:02', '2016-04-13 13:52:02'),
(92, 0, 'It is organic compound and used as a preservative in foods.', 'Muslim Customer Group', 'http://www.muslimconsumergroup.com/e-numbers_list.html', '2005-09-28 13:52:02', '2016-04-13 13:52:02'),
(93, 0, 'It is organic compound and used as a preservative in foods.', 'Muslim Customer Group', 'http://www.muslimconsumergroup.com/e-numbers_list.html', '2005-09-28 13:52:02', '2016-04-13 13:52:02'),
(94, 0, 'Chemical Preservative', 'Muslim Customer Group', 'http://www.muslimconsumergroup.com/e-numbers_list.html', '2005-09-28 13:52:02', '2016-04-13 13:52:02'),
(95, 0, 'Nisin is a antibacteria protein peptide, a preservative used in foods. It is produced from the lactic acid fermentation of bacterium Lactococcus lactis.', 'Muslim Customer Group', 'http://www.muslimconsumergroup.com/e-numbers_list.html', '2005-09-28 13:52:02', '2016-04-13 13:52:02'),
(96, 0, 'A naturally occurring antifungal, approved to use only on the surface of some cheeses and sausages in European Union.', 'Muslim Customer Group', 'http://www.muslimconsumergroup.com/e-numbers_list.html', '2011-06-14 13:52:02', '2016-04-13 13:52:02'),
(97, 0, 'Hexamine is prepared by the reaction of formaldehyde and ammonia and it a preservative.', 'Muslim Customer Group', 'http://www.muslimconsumergroup.com/e-numbers_list.html', '2005-09-28 13:52:02', '2016-04-13 13:52:02'),
(98, 0, 'Chemical', 'Muslim Customer Group', 'http://www.muslimconsumergroup.com/e-numbers_list.html', '2011-06-14 13:52:02', '2016-04-13 13:52:02'),
(99, 0, 'Chemical Preservative', 'Muslim Customer Group', 'http://www.muslimconsumergroup.com/e-numbers_list.html', '2005-09-28 13:52:02', '2016-04-13 13:52:02'),
(100, 0, 'Chemical Preservative', 'Muslim Customer Group', 'http://www.muslimconsumergroup.com/e-numbers_list.html', '2005-09-28 13:52:02', '2016-04-13 13:52:02'),
(101, 0, 'Chemical Preservative', 'Muslim Customer Group', 'http://www.muslimconsumergroup.com/e-numbers_list.html', '2005-09-28 13:52:02', '2016-04-13 13:52:02'),
(102, 0, 'Chemical Preservative', 'Muslim Customer Group', 'http://www.muslimconsumergroup.com/e-numbers_list.html', '2005-09-28 13:52:02', '2016-04-13 13:52:02'),
(103, 0, 'Miscellaneous - Acids', 'Muslim Customer Group', 'http://www.muslimconsumergroup.com/e-numbers_list.html', '2005-09-28 13:52:02', '2016-04-13 13:52:02'),
(104, 0, 'Miscellaneous - Acids', 'Muslim Customer Group', 'http://www.muslimconsumergroup.com/e-numbers_list.html', '2005-09-28 13:52:02', '2016-04-13 13:52:02'),
(105, 0, 'Prservative or acid regulator', 'Muslim Customer Group', 'http://www.muslimconsumergroup.com/e-numbers_list.html', '2005-09-28 13:52:02', '2016-04-13 13:52:02'),
(106, 0, 'Miscellaneous - Acids', 'Muslim Customer Group', 'http://www.muslimconsumergroup.com/e-numbers_list.html', '2005-09-28 13:52:02', '2016-04-13 13:52:02'),
(107, 0, 'Miscellaneous - Acids', 'Muslim Customer Group', 'http://www.muslimconsumergroup.com/e-numbers_list.html', '2005-09-28 13:52:02', '2016-04-13 13:52:02'),
(108, 0, 'Preservative - Acids', 'Muslim Customer Group', 'http://www.muslimconsumergroup.com/e-numbers_list.html', '2005-09-28 13:52:02', '2016-04-13 13:52:02'),
(109, 0, 'PreservativE Acids', 'Muslim Customer Group', 'http://www.muslimconsumergroup.com/e-numbers_list.html', '2005-09-28 13:52:02', '2016-04-13 13:52:02'),
(110, 0, 'PreservativE Acids', 'Muslim Customer Group', 'http://www.muslimconsumergroup.com/e-numbers_list.html', '2005-09-28 13:52:02', '2016-04-13 13:52:02'),
(111, 0, 'PreservativE Acids', 'Muslim Customer Group', 'http://www.muslimconsumergroup.com/e-numbers_list.html', '2005-09-28 13:52:02', '2016-04-13 13:52:02'),
(112, 0, 'Preservative.', 'Muslim Customer Group', 'http://www.muslimconsumergroup.com/e-numbers_list.html', '2005-09-28 13:52:02', '2016-04-13 13:52:02'),
(113, 0, 'Chemical', 'Muslim Customer Group', 'http://www.muslimconsumergroup.com/e-numbers_list.html', '2011-06-14 13:52:02', '2016-04-13 13:52:02'),
(114, 0, 'Miscellaneous', 'Muslim Customer Group', 'http://www.muslimconsumergroup.com/e-numbers_list.html', '2005-09-28 13:52:02', '2016-04-13 13:52:02'),
(115, 0, 'Miscellaneous - Acids and their Salts', 'Muslim Customer Group', 'http://www.muslimconsumergroup.com/e-numbers_list.html', '2005-09-28 13:52:02', '2016-04-13 13:52:02'),
(116, 0, 'Miscellaneous - Acids and their Salts', 'Muslim Customer Group', 'http://www.muslimconsumergroup.com/e-numbers_list.html', '2005-09-28 13:52:02', '2016-04-13 13:52:02'),
(117, 0, 'Antioxidants- Vitamin C', 'Muslim Customer Group', 'http://www.muslimconsumergroup.com/e-numbers_list.html', '2005-09-28 13:52:02', '2016-04-13 13:52:02'),
(118, 0, 'Antioxidants- Vitamin C and derivatives', 'Muslim Customer Group', 'http://www.muslimconsumergroup.com/e-numbers_list.html', '2005-09-28 13:52:02', '2016-04-13 13:52:02'),
(119, 0, 'Antioxidants- Vitamin C and derivatives', 'Muslim Customer Group', 'http://www.muslimconsumergroup.com/e-numbers_list.html', '2005-09-28 13:52:02', '2016-04-13 13:52:02'),
(120, 1, 'Antioxidants- Vitamin C and derivatives. It is a ester formed by reacting palmitic acid(fat source)and ascorbic acid(vitamin C). It is Halal only if the palmitic acid is obtained from plant fat such as soy fat. "Suitable for Vegetarian" label indicates that palmitic acid is from vegetable fat.', 'Muslim Customer Group', 'http://www.muslimconsumergroup.com/e-numbers_list.html', '2005-09-28 13:52:02', '2016-04-13 13:52:02'),
(121, 1, 'If the Tocopherols(vitamin E) is from plant fat then it is Halal. It is a antioxidant. Suitable for vegetarian label indicates that it is obtained from vegetable fat or oil.', 'Muslim Customer Group', 'http://www.muslimconsumergroup.com/e-numbers_list.html', '2005-09-28 13:52:02', '2016-04-13 13:52:02'),
(122, 0, 'Antioxidants- Vitamin E It is synthetic antioxidant.', 'Muslim Customer Group', 'http://www.muslimconsumergroup.com/e-numbers_list.html', '2005-09-28 13:52:02', '2016-04-13 13:52:02'),
(123, 0, 'Antioxidants- Vitamin E It is synthetic antioxidant.', 'Muslim Customer Group', 'http://www.muslimconsumergroup.com/e-numbers_list.html', '2005-09-28 13:52:02', '2016-04-13 13:52:02'),
(124, 0, 'Antioxidants- Vitamin E It is synthetic antioxidant.', 'Muslim Customer Group', 'http://www.muslimconsumergroup.com/e-numbers_list.html', '2005-09-28 13:52:02', '2016-04-13 13:52:02'),
(125, 0, 'Antioxidants and synthetic preservative.', 'Muslim Customer Group', 'http://www.muslimconsumergroup.com/e-numbers_list.html', '2005-09-28 13:52:02', '2016-04-13 13:52:02'),
(126, 0, 'Antioxidants', 'Muslim Customer Group', 'http://www.muslimconsumergroup.com/e-numbers_list.html', '2005-09-28 13:52:02', '2016-04-13 13:52:02'),
(127, 0, 'Antioxidants', 'Muslim Customer Group', 'http://www.muslimconsumergroup.com/e-numbers_list.html', '2005-09-28 13:52:02', '2016-04-13 13:52:02'),
(128, 0, 'Erythorbic Acid is Isomeric molecule of Ascorbic Acid obtained from vegetable based sucrose.', 'Muslim Customer Group', 'http://www.muslimconsumergroup.com/e-numbers_list.html', '2014-01-25 13:52:02', '2016-04-13 13:52:02'),
(129, 0, 'Chemical', 'Muslim Customer Group', 'http://www.muslimconsumergroup.com/e-numbers_list.html', '2011-06-14 13:52:02', '2016-04-13 13:52:02'),
(130, 1, 'TBHQ is not available in 100% form and it has to have a carrier for mixing purpose. If it has vegetable oil as a carrier then it is Halal. If it has animal based fat then it is not Halal may be Haram if pork fat is used. TBHQ is a chemical, in its 100% form without carrier it is Halal.', 'Muslim Customer Group', 'http://www.muslimconsumergroup.com/e-numbers_list.html', '2013-08-15 13:52:02', '2016-04-13 13:52:02'),
(131, 1, 'Antioxidants- Preservative It is Halal only if vegetable oil is used as a carrier because it is not available in 100% form. Suitable for vegetarian label indicates that only vegetable oil is used as a carrier.', 'Muslim Customer Group', 'http://www.muslimconsumergroup.com/e-numbers_list.html', '2005-09-28 13:52:02', '2016-04-13 13:52:02'),
(132, 1, 'Antioxidants- Preservative It is Halal only if vegetable oil is used as a carrier because it is not available in 100% form. Suitable for vegetarian label indicates that only vegetable oil is used as a carrier.', 'Muslim Customer Group', 'http://www.muslimconsumergroup.com/e-numbers_list.html', '2005-09-28 13:52:02', '2016-04-13 13:52:02'),
(133, 0, 'Emulsifiers and Stabilizers It now days made from soy fat or Suitable for vegetarian label indicates that only soy fat is used as a source.', 'Muslim Customer Group', 'http://www.muslimconsumergroup.com/e-numbers_list.html', '2005-09-28 13:52:02', '2016-04-13 13:52:02'),
(134, 0, 'Miscellaneous - Salts of Lactic Acid', 'Muslim Customer Group', 'http://www.muslimconsumergroup.com/e-numbers_list.html', '2005-09-28 13:52:02', '2016-04-13 13:52:02'),
(135, 0, 'Miscellaneous - Salts of Lactic Acid', 'Muslim Customer Group', 'http://www.muslimconsumergroup.com/e-numbers_list.html', '2005-09-28 13:52:02', '2016-04-13 13:52:02'),
(136, 0, 'Miscellaneous - Salts of Lactic Acid', 'Muslim Customer Group', 'http://www.muslimconsumergroup.com/e-numbers_list.html', '2005-09-28 13:52:02', '2016-04-13 13:52:02'),
(137, 0, 'Miscellaneous - Citric Acid and its Salts', 'Muslim Customer Group', 'http://www.muslimconsumergroup.com/e-numbers_list.html', '2005-09-28 13:52:02', '2016-04-13 13:52:02'),
(138, 0, 'Miscellaneous - Citric Acid and its Salts', 'Muslim Customer Group', 'http://www.muslimconsumergroup.com/e-numbers_list.html', '2005-09-28 13:52:02', '2016-04-13 13:52:02'),
(139, 0, 'Miscellaneous - Citric Acid and its Salts', 'Muslim Customer Group', 'http://www.muslimconsumergroup.com/e-numbers_list.html', '2005-09-28 13:52:02', '2016-04-13 13:52:02'),
(140, 0, 'Miscellaneous - Citric Acid and its Salts', 'Muslim Customer Group', 'http://www.muslimconsumergroup.com/e-numbers_list.html', '2005-09-28 13:52:02', '2016-04-13 13:52:02'),
(141, 1, 'Miscellaneous - Tartaric Acid and its Salts It is Halal only if made from unfermented grapes such as in USA and Canada. But in some countries it is made from the deposit on the wine wooden barrel then it will not be Halal.', 'Muslim Customer Group', 'http://www.muslimconsumergroup.com/e-numbers_list.html', '2005-09-28 13:52:02', '2016-04-13 13:52:02'),
(142, 1, 'Miscellaneous - Tartaric Acid and its Salts It is Halal only if made from unfermented grapes such as in USA and Canada. But in some countries it is made from the deposit on the wine wooden barrel then it will not be Halal.', 'Muslim Customer Group', 'http://www.muslimconsumergroup.com/e-numbers_list.html', '2005-09-28 13:52:02', '2016-04-13 13:52:02'),
(143, 1, 'Miscellaneous - Tartaric Acid and its Salts It is Halal only if made from unfermented grapes such as in USA and Canada. But in some countries it is made from the deposit on the wine wooden barrel then it will not be Halal.', 'Muslim Customer Group', 'http://www.muslimconsumergroup.com/e-numbers_list.html', '2005-09-28 13:52:02', '2016-04-13 13:52:02'),
(144, 1, 'Miscellaneous - Tartaric Acid and its Salts It is Halal only if made from unfermented grapes such as in USA and Canada. But in some countries it is made from the deposit on the wine wooden barrel then it will not be Halal.', 'Muslim Customer Group', 'http://www.muslimconsumergroup.com/e-numbers_list.html', '2005-09-28 13:52:02', '2016-04-13 13:52:02'),
(145, 0, 'Miscellaneous - Phosphoric Acid and its Salts', 'Muslim Customer Group', 'http://www.muslimconsumergroup.com/e-numbers_list.html', '2005-09-28 13:52:02', '2016-04-13 13:52:02'),
(146, 1, 'Miscellaneous - Phosphoric Acid and its Salts. Phosphate in Europe is also obtained from animal bones. So please the check the source of phosphate. "Suitable for Vegetarian" label on food package indicates that it is obtained from from mineral." In USA it is obtained from minerals and it is Halal.', 'Muslim Customer Group', 'http://www.muslimconsumergroup.com/e-numbers_list.html', '2005-09-28 13:52:02', '2016-04-13 13:52:02'),
(147, 1, 'Miscellaneous - Phosphoric Acid and its Salts. Phosphate in Europe is also obtained from animal bones. So please the check the source of phosphate. "Suitable for Vegetarian" label on food package indicates that it is obtained from from mineral." In USA it is obtained from minerals and it is Halal.', 'Muslim Customer Group', 'http://www.muslimconsumergroup.com/e-numbers_list.html', '2005-09-28 13:52:02', '2016-04-13 13:52:02'),
(148, 1, 'Miscellaneous - Phosphoric Acid and its Salts Phosphate in Europe is also obtained from animal bones. So please the check the source of phosphate. "Suitable for Vegetarian" label on food package indicates that it is obtained from from mineral." In USA it is obtained from minerals and it is Halal.', 'Muslim Customer Group', 'http://www.muslimconsumergroup.com/e-numbers_list.html', '2005-09-28 13:52:02', '2016-04-13 13:52:02'),
(149, 1, 'Phosphate in Europe is also obtained from animal bones. So please the check the source of phosphate. "Suitable for Vegetarian" label on food package indicates that it is obtained from from mineral." In USA it is obtained from minerals and it is Halal.', 'Muslim Customer Group', 'http://www.muslimconsumergroup.com/e-numbers_list.html', '2011-06-14 13:52:02', '2016-04-13 13:52:02'),
(150, 0, 'Miscellaneous - Salts of Malic Acid', 'Muslim Customer Group', 'http://www.muslimconsumergroup.com/e-numbers_list.html', '2005-09-28 13:52:02', '2016-04-13 13:52:02'),
(151, 0, 'Miscellaneous - Salts of Malic Acid', 'Muslim Customer Group', 'http://www.muslimconsumergroup.com/e-numbers_list.html', '2005-09-28 13:52:02', '2016-04-13 13:52:02'),
(152, 0, 'Miscellaneous - Salts of Malic Acid', 'Muslim Customer Group', 'http://www.muslimconsumergroup.com/e-numbers_list.html', '2005-09-28 13:52:02', '2016-04-13 13:52:02'),
(153, 0, 'Miscellaneous - Salts of Malic Acid', 'Muslim Customer Group', 'http://www.muslimconsumergroup.com/e-numbers_list.html', '2005-09-28 13:52:02', '2016-04-13 13:52:02'),
(154, 2, 'It is the by-product of wine making in many countries but in USA and Canada Tartrate or Tartaric acid is made from unfermented crushed grapes.', 'Muslim Customer Group', 'http://www.muslimconsumergroup.com/e-numbers_list.html', '2011-06-14 13:52:02', '2016-04-13 13:52:02'),
(155, 0, 'Miscellaneous - Salts of Malic Acid', 'Muslim Customer Group', 'http://www.muslimconsumergroup.com/e-numbers_list.html', '2005-09-28 13:52:02', '2016-04-13 13:52:02'),
(156, 1, 'Sodium adipate is the sodium salt of adipic acid which is obtained by the oxidation of fat. If it is obtained from soy fat then it is Halal. If it is obtained from pork fat tehn it is Haram.', 'Muslim Customer Group', 'http://www.muslimconsumergroup.com/e-numbers_list.html', '2011-06-14 13:52:02', '2016-04-13 13:52:02'),
(157, 1, 'Potassiumadipate is the potassium salt of adipic acid which is obtained by the oxidation of fat. If it is obtained from soy fat then it is Halal. If it is obtained from pork fat tehn it is Haram.', 'Muslim Customer Group', 'http://www.muslimconsumergroup.com/e-numbers_list.html', '2011-06-14 13:52:02', '2016-04-13 13:52:02'),
(158, 0, 'Miscellaneous - Salts of Malic Acid', 'Muslim Customer Group', 'http://www.muslimconsumergroup.com/e-numbers_list.html', '2005-09-28 13:52:02', '2016-04-13 13:52:02'),
(159, 0, 'Miscellaneous - Salts of Malic Acid', 'Muslim Customer Group', 'http://www.muslimconsumergroup.com/e-numbers_list.html', '2005-09-28 13:52:02', '2016-04-13 13:52:02'),
(160, 0, 'Miscellaneous - Salts of Malic Acid', 'Muslim Customer Group', 'http://www.muslimconsumergroup.com/e-numbers_list.html', '2005-09-28 13:52:02', '2016-04-13 13:52:02'),
(161, 0, 'Miscellaneous - Salts of Malic Acid', 'Muslim Customer Group', 'http://www.muslimconsumergroup.com/e-numbers_list.html', '2005-09-28 13:52:02', '2016-04-13 13:52:02'),
(162, 0, 'Miscellaneous - Salts of Malic Acid', 'Muslim Customer Group', 'http://www.muslimconsumergroup.com/e-numbers_list.html', '2005-09-28 13:52:02', '2016-04-13 13:52:02'),
(163, 0, 'Miscellaneous - Salts of Malic Acid', 'Muslim Customer Group', 'http://www.muslimconsumergroup.com/e-numbers_list.html', '2005-09-28 13:52:02', '2016-04-13 13:52:02'),
(164, 0, 'Emulsifiers and Stabilizers - Alginates', 'Muslim Customer Group', 'http://www.muslimconsumergroup.com/e-numbers_list.html', '2005-09-28 13:52:02', '2016-04-13 13:52:02'),
(165, 0, 'Emulsifiers and Stabilizers - Alginates', 'Muslim Customer Group', 'http://www.muslimconsumergroup.com/e-numbers_list.html', '2005-09-28 13:52:02', '2016-04-13 13:52:02'),
(166, 0, 'Emulsifiers and Stabilizers - Alginates', 'Muslim Customer Group', 'http://www.muslimconsumergroup.com/e-numbers_list.html', '2005-09-28 13:52:02', '2016-04-13 13:52:02'),
(167, 0, 'Emulsifiers and Stabilizers - Alginates', 'Muslim Customer Group', 'http://www.muslimconsumergroup.com/e-numbers_list.html', '2005-09-28 13:52:02', '2016-04-13 13:52:02'),
(168, 0, 'Emulsifiers and Stabilizers - Alginates', 'Muslim Customer Group', 'http://www.muslimconsumergroup.com/e-numbers_list.html', '2005-09-28 13:52:02', '2016-04-13 13:52:02'),
(169, 0, 'Emulsifiers and Stabilizers - Alginates', 'Muslim Customer Group', 'http://www.muslimconsumergroup.com/e-numbers_list.html', '2005-09-28 13:52:02', '2016-04-13 13:52:02'),
(170, 0, 'Emulsifiers and Stabilizers - other plant gums', 'Muslim Customer Group', 'http://www.muslimconsumergroup.com/e-numbers_list.html', '2005-09-28 13:52:02', '2016-04-13 13:52:02'),
(171, 1, 'It is a seaweed gum. If Ethyl Alcohol is used then it is not Halal, if Isopropyl Alcohol used and taken out completely or Potassium Chloride or nothing above is used during it processing then it is Halal.', 'Muslim Customer Group', 'http://www.muslimconsumergroup.com/e-numbers_list.html', '2015-12-09 13:52:02', '2016-04-13 13:52:02'),
(172, 0, 'Emulsifiers and Stabilizers - other plant gums', 'Muslim Customer Group', 'http://www.muslimconsumergroup.com/e-numbers_list.html', '2005-09-28 13:52:02', '2016-04-13 13:52:02'),
(173, 0, 'Emulsifiers and Stabilizers - other plant gums', 'Muslim Customer Group', 'http://www.muslimconsumergroup.com/e-numbers_list.html', '2005-09-28 13:52:02', '2016-04-13 13:52:02'),
(174, 0, 'Emulsifiers and Stabilizers - other plant gums', 'Muslim Customer Group', 'http://www.muslimconsumergroup.com/e-numbers_list.html', '2005-09-28 13:52:02', '2016-04-13 13:52:02'),
(175, 0, 'Emulsifiers and Stabilizers - other plant gums', 'Muslim Customer Group', 'http://www.muslimconsumergroup.com/e-numbers_list.html', '2005-09-28 13:52:02', '2016-04-13 13:52:02'),
(176, 0, 'Emulsifiers and Stabilizers - other plant gums', 'Muslim Customer Group', 'http://www.muslimconsumergroup.com/e-numbers_list.html', '2005-09-28 13:52:02', '2016-04-13 13:52:02'),
(177, 0, 'Emulsifiers and Stabilizers', 'Muslim Customer Group', 'http://www.muslimconsumergroup.com/e-numbers_list.html', '2005-09-28 13:52:02', '2016-04-13 13:52:02'),
(178, 0, 'A leguminous tree gum.', 'Muslim Customer Group', 'http://www.muslimconsumergroup.com/e-numbers_list.html', '2011-06-14 13:52:02', '2016-04-13 13:52:02'),
(179, 0, 'A polysaccharide gum produced by bacteria.', 'Muslim Customer Group', 'http://www.muslimconsumergroup.com/e-numbers_list.html', '2011-06-14 13:52:02', '2016-04-13 13:52:02'),
(180, 0, 'Sugar Alcohols', 'Muslim Customer Group', 'http://www.muslimconsumergroup.com/e-numbers_list.html', '2005-09-28 13:52:02', '2016-04-13 13:52:02'),
(181, 0, 'Sugar Alcohols', 'Muslim Customer Group', 'http://www.muslimconsumergroup.com/e-numbers_list.html', '2005-09-28 13:52:02', '2016-04-13 13:52:02'),
(182, 1, 'Glycerol is a polyol obtained from fats and oil. It is Halal if it obtained from oils or soy fat. Suitable for vegetarian label indicates that only vegetable oil or fat is used as a source.', 'Muslim Customer Group', 'http://www.muslimconsumergroup.com/e-numbers_list.html', '2005-09-28 13:52:02', '2016-04-13 13:52:02'),
(183, 0, 'A gum.', 'Muslim Customer Group', 'http://www.muslimconsumergroup.com/e-numbers_list.html', '2005-09-28 13:52:02', '2016-04-13 13:52:02'),
(184, 1, 'Emulsifiers and Stabilizers - Fatty Acid derivatives. Suitable for vegetarian label indicates that only vegetable fat is used as a source.', 'Muslim Customer Group', 'http://www.muslimconsumergroup.com/e-numbers_list.html', '2005-09-28 13:52:02', '2016-04-13 13:52:02'),
(185, 1, 'Emulsifiers and Stabilizers - Fatty Acid derivatives. Suitable for vegetarian label indicates that only vegetable fat is used as a source.', 'Muslim Customer Group', 'http://www.muslimconsumergroup.com/e-numbers_list.html', '2005-09-28 13:52:02', '2016-04-13 13:52:02'),
(186, 1, 'Emulsifiers and Stabilizers - Fatty Acid derivatives. Suitable for vegetarian label indicates that only vegetable fat is used as a source.', 'Muslim Customer Group', 'http://www.muslimconsumergroup.com/e-numbers_list.html', '2005-09-28 13:52:02', '2016-04-13 13:52:02'),
(187, 1, 'Emulsifiers and Stabilizers - Fatty Acid derivatives. Suitable for vegetarian label indicates that only vegetable fat is used as a source.', 'Muslim Customer Group', 'http://www.muslimconsumergroup.com/e-numbers_list.html', '2005-09-28 13:52:02', '2016-04-13 13:52:02'),
(188, 1, 'Emulsifiers and Stabilizers - Fatty Acid derivatives. Suitable for vegetarian label indicates that only vegetable fat is used as a source.', 'Muslim Customer Group', 'http://www.muslimconsumergroup.com/e-numbers_list.html', '2005-09-28 13:52:02', '2016-04-13 13:52:02'),
(189, 1, 'Emulsifiers and Stabilizers - Fatty Acid derivatives. Suitable for vegetarian label indicates that only vegetable fat is used as a source.', 'Muslim Customer Group', 'http://www.muslimconsumergroup.com/e-numbers_list.html', '2005-09-28 13:52:02', '2016-04-13 13:52:02'),
(190, 1, 'Emulsifiers and Stabilizers - Fatty Acid derivatives. Suitable for vegetarian label indicates that only vegetable fat is used as a source.', 'Muslim Customer Group', 'http://www.muslimconsumergroup.com/e-numbers_list.html', '2005-09-28 13:52:02', '2016-04-13 13:52:02'),
(191, 1, 'Emulsifier and Stabilizer - Pectin and derivatives. Halal if Isopropyl Alcohol is used and taken out Not Halal if ethyl alcohol is used.', 'Muslim Customer Group', 'http://www.muslimconsumergroup.com/e-numbers_list.html', '2015-12-09 13:52:02', '2016-04-13 13:52:02'),
(192, 1, 'Emulsifiers and Stabilizers - Pectin and derivatives. Halal if Isopropyl Alcohol is used and taken out Not Halal if ethyl alcohol is used.', 'Muslim Customer Group', 'http://www.muslimconsumergroup.com/e-numbers_list.html', '2015-12-09 13:52:02', '2016-04-13 13:52:02'),
(193, 1, 'Gelatin from Zabiha slaughtered beef and fish source is considered Halal. Gelatin from pork is Haram. Gelatin from non zabiha beef is not Halal.', 'Muslim Customer Group', 'http://www.muslimconsumergroup.com/e-numbers_list.html', '2005-09-28 13:52:02', '2016-04-13 13:52:02'),
(194, 1, 'It could be obtained either vegetable fat or animal fat. "Suitable for Vegetarian" label on food package indicates that it is obtained from vegetable fat or oil.', 'Muslim Customer Group', 'http://www.muslimconsumergroup.com/e-numbers_list.html', '2011-06-14 13:52:02', '2016-04-13 13:52:02'),
(195, 0, 'A chemical emulsifier produced by esterification of sucrose with acetic and isobutyric anhydrides.', 'Muslim Customer Group', 'http://www.muslimconsumergroup.com/e-numbers_list.html', '2011-06-14 13:52:02', '2016-04-13 13:52:02'),
(196, 0, 'A emulsifier and stabilizer obtained from wood rosin of a tree.', 'Muslim Customer Group', 'http://www.muslimconsumergroup.com/e-numbers_list.html', '2011-06-14 13:52:02', '2016-04-13 13:52:02'),
(197, 1, 'Phosphate in Europe is also obtained from animal bones. So please the check the source of phosphate. "Suitable for Vegetarian" label on food package indicates that it is obtained from from mineral." In USA it is obtained from minerals and it is Halal.', 'Muslim Customer Group', 'http://www.muslimconsumergroup.com/e-numbers_list.html', '2005-09-28 13:52:02', '2016-04-13 13:52:02'),
(198, 1, 'Phosphate in Europe is also obtained from animal bones. So please the check the source of phosphate. "Suitable for Vegetarian" label on food package indicates that it is obtained from from mineral." In USA it is obtained from minerals and it is Halal.', 'Muslim Customer Group', 'http://www.muslimconsumergroup.com/e-numbers_list.html', '2011-06-14 13:52:02', '2016-04-13 13:52:02'),
(199, 1, 'Phosphate in Europe is also obtained from animal bones. So please the check the source of phosphate. "Suitable for Vegetarian" label on food package indicates that it is obtained from from mineral." In USA it is obtained from minerals and it is Halal.', 'Muslim Customer Group', 'http://www.muslimconsumergroup.com/e-numbers_list.html', '2011-06-14 13:52:02', '2016-04-13 13:52:02'),
(200, 0, 'It is composed 7 glucose units', 'Muslim Customer Group', 'http://www.muslimconsumergroup.com/e-numbers_list.html', '2011-06-14 13:52:02', '2016-04-13 13:52:02'),
(201, 0, 'Emulsifiers and Stabilizers - Cellulose and derivatives', 'Muslim Customer Group', 'http://www.muslimconsumergroup.com/e-numbers_list.html', '2005-09-28 13:52:02', '2016-04-13 13:52:02'),
(202, 0, 'Emulsifiers and Stabilizers - Cellulose and derivatives', 'Muslim Customer Group', 'http://www.muslimconsumergroup.com/e-numbers_list.html', '2005-09-28 13:52:02', '2016-04-13 13:52:02'),
(203, 0, 'Emulsifiers and Stabilizers - Cellulose and derivatives', 'Muslim Customer Group', 'http://www.muslimconsumergroup.com/e-numbers_list.html', '2005-09-28 13:52:02', '2016-04-13 13:52:02'),
(204, 0, 'Emulsifiers and Stabilizers - Cellulose and derivatives', 'Muslim Customer Group', 'http://www.muslimconsumergroup.com/e-numbers_list.html', '2005-09-28 13:52:02', '2016-04-13 13:52:02'),
(205, 0, 'Emulsifiers and Stabilizers - Cellulose and derivatives', 'Muslim Customer Group', 'http://www.muslimconsumergroup.com/e-numbers_list.html', '2005-09-28 13:52:02', '2016-04-13 13:52:02'),
(206, 0, 'Emulsifiers and Stabilizers - Cellulose and derivatives', 'Muslim Customer Group', 'http://www.muslimconsumergroup.com/e-numbers_list.html', '2005-09-28 13:52:02', '2016-04-13 13:52:02'),
(207, 0, 'a plant cellulose', 'Muslim Customer Group', 'http://www.muslimconsumergroup.com/e-numbers_list.html', '2011-06-14 13:52:02', '2016-04-13 13:52:02'),
(208, 0, 'Sodium CMC is acidified by a acid and then boiled to cross link.', 'Muslim Customer Group', 'http://www.muslimconsumergroup.com/e-numbers_list.html', '2011-06-14 13:52:02', '2016-04-13 13:52:02'),
(209, 0, 'CMC is hydrolyzed by cellolase enzyme.', 'Muslim Customer Group', 'http://www.muslimconsumergroup.com/e-numbers_list.html', '2011-06-14 13:52:02', '2016-04-13 13:52:02'),
(210, 1, 'Emulsifiers and Stabilizers - salts or Esters of Fatty Acids. Suitable for vegetarian label indicates that only vegetable fat is used as a source.', 'Muslim Customer Group', 'http://www.muslimconsumergroup.com/e-numbers_list.html', '2005-09-28 13:52:02', '2016-04-13 13:52:02'),
(211, 1, 'Emulsifiers and Stabilizers - salts or Esters of Fatty Acids. If the fat source is from soy fat then it is Halal. If it is from pork fat then it is Haram. If it is from non zabiha beef then it is not Halal. If a claim appeared on food package "Suitable for Vegetarian" containing E-Number 471 then it means the E Number 471 is from soy fat. The food product is Halal if all other ingredients are Halal', 'Muslim Customer Group', 'http://www.muslimconsumergroup.com/e-numbers_list.html', '2005-09-28 13:52:02', '2016-04-13 13:52:02'),
(212, 1, 'Emulsifiers and Stabilizers - salts or Esters of Fatty Acids If the fat source is from soy fat then it is Halal. If it is from pork fat then it is Haram. If it is from non zabiha beef then it is not Halal. If a claim appeared on food package "Suitable for Vegetarian" containing E-Number 472 then it means the E Number 472 is from soy fat. The food product is Halal if all other ingredients are Halal', 'Muslim Customer Group', 'http://www.muslimconsumergroup.com/e-numbers_list.html', '2005-09-28 13:52:02', '2016-04-13 13:52:02');
INSERT INTO `halalSources` (`id`, `hStatus`, `hDescription`, `hOrganization`, `hUrl`, `created_at`, `updated_at`) VALUES
(213, 1, 'Halal only if it is obtained from plant fat. If the fat source is from soy fat then it is Halal. If it is from pork fat then it is Haram. If it is from non zabiha beef then it is not Halal. If a claim appeared on food package "Suitable for Vegetarian" containing E-Number 472e the it means the E Number 472e is from soy fat. The food product is Halal if all other ingredients are Halal', 'Muslim Customer Group', 'http://www.muslimconsumergroup.com/e-numbers_list.html', '2005-09-28 13:52:02', '2016-04-13 13:52:02'),
(214, 1, 'Emulsifiers and Stabilizers - salts or Esters of Fatty Acids. If the fat source is from soy fat then it is Halal. If it is from pork fat then it is Haram. If it is from non zabiha beef then it is not Halal. If a claim appeared on food package "Suitable for Vegetarian" containing E-Number 473 the it means the E Number 473 is from soy fat. The food product is Halal if all other ingredients are Halal', 'Muslim Customer Group', 'http://www.muslimconsumergroup.com/e-numbers_list.html', '2005-09-28 13:52:02', '2016-04-13 13:52:02'),
(215, 1, 'Emulsifiers and Stabilizers - salts or Esters of Fatty Acids. Suitable for vegetarian label indicates that only vegetable fat is used as a source.', 'Muslim Customer Group', 'http://www.muslimconsumergroup.com/e-numbers_list.html', '2005-09-28 13:52:02', '2016-04-13 13:52:02'),
(216, 1, 'Emulsifiers and Stabilizers - salts or Esters of Fatty Acids. Suitable for vegetarian label indicates that only vegetable fat is used as a source.', 'Muslim Customer Group', 'http://www.muslimconsumergroup.com/e-numbers_list.html', '2005-09-28 13:52:02', '2016-04-13 13:52:02'),
(217, 1, 'Emulsifiers and Stabilizers - salts or Esters of Fatty Acids. Suitable for vegetarian label indicates that only vegetable fat is used as a source.', 'Muslim Customer Group', 'http://www.muslimconsumergroup.com/e-numbers_list.html', '2005-09-28 13:52:02', '2016-04-13 13:52:02'),
(218, 1, 'Emulsifiers and Stabilizers - salts or Esters of Fatty Acids. Suitable for vegetarian label indicates that only vegetable fat is used as a source.', 'Muslim Customer Group', 'http://www.muslimconsumergroup.com/e-numbers_list.html', '2005-09-28 13:52:02', '2016-04-13 13:52:02'),
(219, 1, 'Emulsifiers and Stabilizers - salts or Esters of Fatty Acids. Suitable for vegetarian label indicates that only vegetable fat is used as a source.', 'Muslim Customer Group', 'http://www.muslimconsumergroup.com/e-numbers_list.html', '2005-09-28 13:52:02', '2016-04-13 13:52:02'),
(220, 1, 'If mono & diglyceride from soy fat then it is Halal otherwise not. If a claim "Suitable for Vegetarian" on the food package containing E479b, it means the mono & diglycerides are obtained from vegetable fat.', 'Muslim Customer Group', 'http://www.muslimconsumergroup.com/e-numbers_list.html', '2011-06-14 13:52:02', '2016-04-13 13:52:02'),
(221, 1, 'Emulsifiers and Stabilizers - salts or Esters of Fatty Acids. Suitable for vegetarian label indicates that only vegetable fat is used as a source.', 'Muslim Customer Group', 'http://www.muslimconsumergroup.com/e-numbers_list.html', '2005-09-28 13:52:02', '2016-04-13 13:52:02'),
(222, 1, 'Emulsifiers and Stabilizers - salts or Esters of Fatty Acids. Suitable for vegetarian label indicates that only vegetable fat is used as a source.', 'Muslim Customer Group', 'http://www.muslimconsumergroup.com/e-numbers_list.html', '2005-09-28 13:52:02', '2016-04-13 13:52:02'),
(223, 1, 'Emulsifiers and Stabilizers - salts or Esters of Fatty Acids. Suitable for vegetarian label indicates that only vegetable fat is used as a source.', 'Muslim Customer Group', 'http://www.muslimconsumergroup.com/e-numbers_list.html', '2005-09-28 13:52:02', '2016-04-13 13:52:02'),
(224, 1, 'Emulsifiers and Stabilizers - salts or Esters of Fatty Acids. Suitable for vegetarian label indicates that only vegetable fat is used as a source.', 'Muslim Customer Group', 'http://www.muslimconsumergroup.com/e-numbers_list.html', '2005-09-28 13:52:02', '2016-04-13 13:52:02'),
(225, 1, 'Emulsifiers and Stabilizers - salts or Esters of Fatty Acids. Suitable for vegetarian label indicates that only vegetable fat is used as a source.', 'Muslim Customer Group', 'http://www.muslimconsumergroup.com/e-numbers_list.html', '2005-09-28 13:52:02', '2016-04-13 13:52:02'),
(226, 1, 'Emulsifiers and Stabilizers - salts or Esters of Fatty Acids. Suitable for vegetarian label indicates that only vegetable fat is used as a source.', 'Muslim Customer Group', 'http://www.muslimconsumergroup.com/e-numbers_list.html', '2005-09-28 13:52:02', '2016-04-13 13:52:02'),
(227, 1, 'Emulsifiers and Stabilizers - salts or Esters of Fatty Acids. Suitable for vegetarian label indicates that only vegetable fat is used as a source.', 'Muslim Customer Group', 'http://www.muslimconsumergroup.com/e-numbers_list.html', '2005-09-28 13:52:02', '2016-04-13 13:52:02'),
(228, 1, 'Emulsifiers and Stabilizers - salts or Esters of Fatty Acids. Suitable for vegetarian label indicates that only vegetable fat is used as a source.', 'Muslim Customer Group', 'http://www.muslimconsumergroup.com/e-numbers_list.html', '2005-09-28 13:52:02', '2016-04-13 13:52:02'),
(229, 1, 'E-Number 496 is Sorbitan Trioleate Emulsifiers and Stabilizers - salts or Esters of Fatty Acids. Suitable for vegetarian label indicates that only vegetable fat is used as a source', 'Muslim Customer Group', 'http://www.muslimconsumergroup.com/e-numbers_list.html', '2015-01-26 13:52:02', '2016-04-13 13:52:02'),
(230, 0, 'Miscellaneous - Acids and Salts: Carbonates', 'Muslim Customer Group', 'http://www.muslimconsumergroup.com/e-numbers_list.html', '2005-09-28 13:52:02', '2016-04-13 13:52:02'),
(231, 0, 'Miscellaneous - Acids and Salts: Carbonates', 'Muslim Customer Group', 'http://www.muslimconsumergroup.com/e-numbers_list.html', '2005-09-28 13:52:02', '2016-04-13 13:52:02'),
(232, 0, 'Miscellaneous - Acids and Salts: Carbonates', 'Muslim Customer Group', 'http://www.muslimconsumergroup.com/e-numbers_list.html', '2005-09-28 13:52:02', '2016-04-13 13:52:02'),
(233, 0, 'Miscellaneous - Acids and Salts: Carbonates', 'Muslim Customer Group', 'http://www.muslimconsumergroup.com/e-numbers_list.html', '2005-09-28 13:52:02', '2016-04-13 13:52:02'),
(234, 0, 'Miscellaneous - Acids and Salts: Hydrochloric Acid and its Salts', 'Muslim Customer Group', 'http://www.muslimconsumergroup.com/e-numbers_list.html', '2005-09-28 13:52:02', '2016-04-13 13:52:02'),
(235, 0, 'Miscellaneous - Acids and Salts: Hydrochloric Acid and its Salts', 'Muslim Customer Group', 'http://www.muslimconsumergroup.com/e-numbers_list.html', '2005-09-28 13:52:02', '2016-04-13 13:52:02'),
(236, 0, 'Miscellaneous - Acids and Salts: Hydrochloric Acid and its Salts', 'Muslim Customer Group', 'http://www.muslimconsumergroup.com/e-numbers_list.html', '2005-09-28 13:52:02', '2016-04-13 13:52:02'),
(237, 0, 'Miscellaneous - Acids and Salts: Hydrochloric Acid and its Salts', 'Muslim Customer Group', 'http://www.muslimconsumergroup.com/e-numbers_list.html', '2005-09-28 13:52:02', '2016-04-13 13:52:02'),
(238, 0, 'Chemical', 'Muslim Customer Group', 'http://www.muslimconsumergroup.com/e-numbers_list.html', '2011-06-14 13:52:02', '2016-04-13 13:52:02'),
(239, 0, 'chemical', 'Muslim Customer Group', 'http://www.muslimconsumergroup.com/e-numbers_list.html', '2011-06-14 13:52:02', '2016-04-13 13:52:02'),
(240, 0, 'Miscellaneous - Acids and Salts: Sulphuric Acid and its Salts', 'Muslim Customer Group', 'http://www.muslimconsumergroup.com/e-numbers_list.html', '2005-09-28 13:52:02', '2016-04-13 13:52:02'),
(241, 0, 'Miscellaneous - Acids and Salts: Sulphuric Acid and its Salts', 'Muslim Customer Group', 'http://www.muslimconsumergroup.com/e-numbers_list.html', '2005-09-28 13:52:02', '2016-04-13 13:52:02'),
(242, 0, 'Miscellaneous - Acids and Salts: Sulphuric Acid and its Salts', 'Muslim Customer Group', 'http://www.muslimconsumergroup.com/e-numbers_list.html', '2005-09-28 13:52:02', '2016-04-13 13:52:02'),
(243, 0, 'Miscellaneous - Acids and Salts: Sulphuric Acid and its Salts', 'Muslim Customer Group', 'http://www.muslimconsumergroup.com/e-numbers_list.html', '2005-09-28 13:52:02', '2016-04-13 13:52:02'),
(244, 0, 'chemical', 'Muslim Customer Group', 'http://www.muslimconsumergroup.com/e-numbers_list.html', '2011-06-14 13:52:02', '2016-04-13 13:52:02'),
(245, 0, 'Miscellaneous - Acids and Salts: Sulphuric Acid and its Salts', 'Muslim Customer Group', 'http://www.muslimconsumergroup.com/e-numbers_list.html', '2005-09-28 13:52:02', '2016-04-13 13:52:02'),
(246, 0, 'Chemical', 'Muslim Customer Group', 'http://www.muslimconsumergroup.com/e-numbers_list.html', '2011-06-14 13:52:02', '2016-04-13 13:52:02'),
(247, 0, 'Chemical', 'Muslim Customer Group', 'http://www.muslimconsumergroup.com/e-numbers_list.html', '2011-06-14 13:52:02', '2016-04-13 13:52:02'),
(248, 0, 'Chemical', 'Muslim Customer Group', 'http://www.muslimconsumergroup.com/e-numbers_list.html', '2011-06-14 13:52:02', '2016-04-13 13:52:02'),
(249, 0, 'Chemical', 'Muslim Customer Group', 'http://www.muslimconsumergroup.com/e-numbers_list.html', '2011-06-14 13:52:02', '2016-04-13 13:52:02'),
(250, 0, 'Miscellaneous - Alkalis', 'Muslim Customer Group', 'http://www.muslimconsumergroup.com/e-numbers_list.html', '2005-09-28 13:52:02', '2016-04-13 13:52:02'),
(251, 0, 'Miscellaneous - Alkalis', 'Muslim Customer Group', 'http://www.muslimconsumergroup.com/e-numbers_list.html', '2005-09-28 13:52:02', '2016-04-13 13:52:02'),
(252, 0, 'Miscellaneous - Alkalis', 'Muslim Customer Group', 'http://www.muslimconsumergroup.com/e-numbers_list.html', '2005-09-28 13:52:02', '2016-04-13 13:52:02'),
(253, 0, 'Miscellaneous - Alkalis', 'Muslim Customer Group', 'http://www.muslimconsumergroup.com/e-numbers_list.html', '2005-09-28 13:52:02', '2016-04-13 13:52:02'),
(254, 0, 'Miscellaneous - Alkalis', 'Muslim Customer Group', 'http://www.muslimconsumergroup.com/e-numbers_list.html', '2005-09-28 13:52:02', '2016-04-13 13:52:02'),
(255, 0, 'Miscellaneous - Alkalis', 'Muslim Customer Group', 'http://www.muslimconsumergroup.com/e-numbers_list.html', '2005-09-28 13:52:02', '2016-04-13 13:52:02'),
(256, 0, 'Miscellaneous - Alkalis', 'Muslim Customer Group', 'http://www.muslimconsumergroup.com/e-numbers_list.html', '2005-09-28 13:52:02', '2016-04-13 13:52:02'),
(257, 0, 'Miscellaneous - other Salts', 'Muslim Customer Group', 'http://www.muslimconsumergroup.com/e-numbers_list.html', '2005-09-28 13:52:02', '2016-04-13 13:52:02'),
(258, 0, 'Miscellaneous - other Salts', 'Muslim Customer Group', 'http://www.muslimconsumergroup.com/e-numbers_list.html', '2005-09-28 13:52:02', '2016-04-13 13:52:02'),
(259, 0, 'Chemical', 'Muslim Customer Group', 'http://www.muslimconsumergroup.com/e-numbers_list.html', '2011-06-14 13:52:02', '2016-04-13 13:52:02'),
(260, 0, 'Miscellaneous - other Salts', 'Muslim Customer Group', 'http://www.muslimconsumergroup.com/e-numbers_list.html', '2005-09-28 13:52:02', '2016-04-13 13:52:02'),
(261, 0, 'Miscellaneous - other Salts', 'Muslim Customer Group', 'http://www.muslimconsumergroup.com/e-numbers_list.html', '2005-09-28 13:52:02', '2016-04-13 13:52:02'),
(262, 1, 'Miscellaneous - Anti-Caking Agents Halal if the bones from zabiha slaughtered beef.', 'Muslim Customer Group', 'http://www.muslimconsumergroup.com/e-numbers_list.html', '2005-09-28 13:52:02', '2016-04-13 13:52:02'),
(263, 1, 'Miscellaneous - Anti-Caking Agents. Phosphate in Europe is also obtained from animal bones. So please the check the source of phosphate. "Suitable for Vegetarian" label on food package indicates that it is obtained from from mineral." In USA it is obtained from minerals and it is Halal.', 'Muslim Customer Group', 'http://www.muslimconsumergroup.com/e-numbers_list.html', '2005-09-28 13:52:02', '2016-04-13 13:52:02'),
(264, 1, 'Miscellaneous - Anti-Caking Agents. Phosphate in Europe is also obtained from animal bones. So please the check the source of phosphate. "Suitable for Vegetarian" label on food package indicates that it is obtained from from mineral." In USA it is obtained from minerals and it is Halal.', 'Muslim Customer Group', 'http://www.muslimconsumergroup.com/e-numbers_list.html', '2005-09-28 13:52:02', '2016-04-13 13:52:02'),
(265, 0, 'A anticaking agent.', 'Muslim Customer Group', 'http://www.muslimconsumergroup.com/e-numbers_list.html', '2005-09-28 13:52:02', '2016-04-13 13:52:02'),
(266, 0, 'Miscellaneous - Silicon Salts', 'Muslim Customer Group', 'http://www.muslimconsumergroup.com/e-numbers_list.html', '2005-09-28 13:52:02', '2016-04-13 13:52:02'),
(267, 0, 'Miscellaneous - Silicon Salts', 'Muslim Customer Group', 'http://www.muslimconsumergroup.com/e-numbers_list.html', '2005-09-28 13:52:02', '2016-04-13 13:52:02'),
(268, 0, 'Miscellaneous - Silicon Salts', 'Muslim Customer Group', 'http://www.muslimconsumergroup.com/e-numbers_list.html', '2005-09-28 13:52:02', '2016-04-13 13:52:02'),
(269, 0, 'Miscellaneous - Silicon Salts', 'Muslim Customer Group', 'http://www.muslimconsumergroup.com/e-numbers_list.html', '2005-09-28 13:52:02', '2016-04-13 13:52:02'),
(270, 0, 'Chemical', 'Muslim Customer Group', 'http://www.muslimconsumergroup.com/e-numbers_list.html', '2011-06-14 13:52:02', '2016-04-13 13:52:02'),
(271, 0, 'Miscellaneous - Silicon Salts', 'Muslim Customer Group', 'http://www.muslimconsumergroup.com/e-numbers_list.html', '2005-09-28 13:52:03', '2016-04-13 13:52:03'),
(272, 0, 'Miscellaneous - other compounds', 'Muslim Customer Group', 'http://www.muslimconsumergroup.com/e-numbers_list.html', '2005-09-28 13:52:03', '2016-04-13 13:52:03'),
(273, 0, 'Miscellaneous - other compounds', 'Muslim Customer Group', 'http://www.muslimconsumergroup.com/e-numbers_list.html', '2005-09-28 13:52:03', '2016-04-13 13:52:03'),
(274, 1, 'Miscellaneous - other compounds. Siutable for vegetarian label on the package indicates the source of Stearic acid is from vegetable fat.', 'Muslim Customer Group', 'http://www.muslimconsumergroup.com/e-numbers_list.html', '2005-09-28 13:52:03', '2016-04-13 13:52:03'),
(275, 1, 'Miscellaneous - other compounds. Suittable for vegetarian label on the package indicates the source of Magnesium Stearate is from vegetable fat.', 'Muslim Customer Group', 'http://www.muslimconsumergroup.com/e-numbers_list.html', '2014-01-04 13:52:03', '2016-04-13 13:52:03'),
(276, 0, 'Organic compound', 'Muslim Customer Group', 'http://www.muslimconsumergroup.com/e-numbers_list.html', '2011-06-14 13:52:03', '2016-04-13 13:52:03'),
(277, 0, 'It is a acidulant and used in chemical leavening. It is obtained through bacterial non alcoholic fermentation.', 'Muslim Customer Group', 'http://www.muslimconsumergroup.com/e-numbers_list.html', '2015-03-12 13:52:03', '2016-04-13 13:52:03'),
(278, 0, 'Miscellaneous - other compounds', 'Muslim Customer Group', 'http://www.muslimconsumergroup.com/e-numbers_list.html', '2005-09-28 13:52:03', '2016-04-13 13:52:03'),
(279, 0, 'Miscellaneous - other compounds', 'Muslim Customer Group', 'http://www.muslimconsumergroup.com/e-numbers_list.html', '2005-09-28 13:52:03', '2016-04-13 13:52:03'),
(280, 0, 'Miscellaneous - other compounds', 'Muslim Customer Group', 'http://www.muslimconsumergroup.com/e-numbers_list.html', '2005-09-28 13:52:03', '2016-04-13 13:52:03'),
(281, 0, 'Iron compound', 'Muslim Customer Group', 'http://www.muslimconsumergroup.com/e-numbers_list.html', '2011-06-14 13:52:03', '2016-04-13 13:52:03'),
(282, 1, 'Miscellaneous - Flavour Enhancers. Suitable for vegetarian label on the package indicates the source of L-Glutamic acid is from vegetable protein or it has to be under Halal or kosher certification. In USA/Canada it is kosher certified and meet the Halal requirements. L-Glutamic acid is also obtained from yeast and yeast can also grown on pork fat media then it is Haram. It happened in Indonesia few years back when Monosodium Glutamate is produced using pork fat media to grow yeast by Ajinomonto Indonesia. As it was reported on our website.', 'Muslim Customer Group', 'http://www.muslimconsumergroup.com/e-numbers_list.html', '2005-09-28 13:52:03', '2016-04-13 13:52:03'),
(283, 1, 'Miscellaneous - Flavour Enhancers. Suitable for vegetarian label on the package indicates the source of Monosodium Glutamate is from vegetable protein or it has to be under Halal or kosher certification. In USA/Canada it is kosher certified and meet the Halal requirements. Monosodium Glutamate can also be obtained from yeast. But if yeast is grown on pork media then it is Haram. It happened in Indonesia few years back when Monosodium Glutamate is produced using pork fat media to grow yeast by Ajinomonto Indonesia. As it was reported on our website.', 'Muslim Customer Group', 'http://www.muslimconsumergroup.com/e-numbers_list.html', '2005-09-28 13:52:03', '2016-04-13 13:52:03'),
(284, 1, 'Miscellaneous - Flavour Enhancers. Suitable for vegetarian label on the package indicates the source of Monopotassium Glutamate is from vegetable protein or it has to be under Halal or kosher certification. In USA/Canada it is kosher certified and meet the Halal requirements. Monopotassium Glutamate can also be obtained from yeast. But if yeast is grown on pork media then it is Haram. It happened in Indonesia few years back when Monosodium Glutamate is produced using pork fat media to grow yeast by Ajinomonto Indonesia. As it was reported on our website.', 'Muslim Customer Group', 'http://www.muslimconsumergroup.com/e-numbers_list.html', '2005-09-28 13:52:03', '2016-04-13 13:52:03'),
(285, 1, 'Miscellaneous - Flavour Enhancers. Suitable for vegetarian label on the package indicates the source of Calcium Glutamate is from vegetable protein or it has to be under Halal or kosher certification. In USA/Canada it is kosher certified and meet the Halal requirements. Calcium Glutamate can also be obtained from yeast. But if yeast is grown on pork media then it is Haram. It happened in Indonesia few years back when Monosodium Glutamate is produced using pork fat media to grow yeast by Ajinomonto Indonesia. As it was reported on our website.', 'Muslim Customer Group', 'http://www.muslimconsumergroup.com/e-numbers_list.html', '2005-09-28 13:52:03', '2016-04-13 13:52:03'),
(286, 1, 'Suitable for vegetarian label on the package indicates the source of Mono ammonium Glutamate is from vegetable protein or it has to be under Halal or kosher certification. In USA/Canada it is kosher certified and meet the Halal requirements. Mono ammonium Glutamate can also be obtained from yeast. But if yeast is grown on pork media then it is Haram. It happened in Indonesia few years back when Monosodium Glutamate is produced using pork fat media to grow yeast by Ajinomonto Indonesia. As it was reported on our website.', 'Muslim Customer Group', 'http://www.muslimconsumergroup.com/e-numbers_list.html', '2011-06-14 13:52:03', '2016-04-13 13:52:03'),
(287, 1, 'Suitable for vegetarian label on the package indicates the source of Magnesium diglutamate is from vegetable protein or it has to be under Halal or kosher certification. In USA/Canada it is kosher certified and meet the Halal requirements. Magnesium diglutamate can also be obtained from yeast. But if yeast is grown on pork media then it is Haram. It happened in Indonesia few years back when Monosodium Glutamate is produced using pork fat media to grow yeast by Ajinomonto Indonesia. As it was reported on our website.', 'Muslim Customer Group', 'http://www.muslimconsumergroup.com/e-numbers_list.html', '2011-06-14 13:52:03', '2016-04-13 13:52:03'),
(288, 1, 'Guanylic Acid is nucleotide of RNA. Nucleotides are commercially obtained from Torula Yeast cells. Torula yeast is grown on alcohol in USA to obtain Nucleotide which mostly used in infant baby formula. In Europe if Torula yeast grown on sugar cane and Sodium Inosinate is obtained from it then it is Halal otherwise it is not Halal', 'Muslim Customer Group', 'http://www.muslimconsumergroup.com/e-numbers_list.html', '2011-06-14 13:52:03', '2016-04-13 13:52:03'),
(289, 1, 'Miscellaneous - Flavour Enhancers. Suitable for vegetarian label on the package indicates the source of Sodium Guanylate is from vegetable source or it has to be under Halal or kosher certification. In USA/Canada it is kosher certified and meet the Halal requirements. Although disodium Guanylate is obtained from fish or seaweed or yeast. But if yeast is grown on pork media then it is Haram. It happened in Indonesia few years back when Monosodium Glutamate is produced using pork fat media to grow yeast by Ajinomonto Indonesia. As it was reported on our website.', 'Muslim Customer Group', 'http://www.muslimconsumergroup.com/e-numbers_list.html', '2005-09-28 13:52:03', '2016-04-13 13:52:03'),
(290, 1, 'It is a potassium salt of guanylic acid. Guanylaic acid is a nucleotide of RNA obtained from torula yeast cells. nucleotide commercially obtained from Torula Yeast cells. Torula yeast is grown on alcohol in USA to obtain Nucleotide which mostly used in infant baby formula. In Europe if Torula yeast grown on sugar cane and Sodium Inosinate is obtained from it then it is Halal otherwise it is not Halal.', 'Muslim Customer Group', 'http://www.muslimconsumergroup.com/e-numbers_list.html', '2011-06-14 13:52:03', '2016-04-13 13:52:03'),
(291, 1, 'A flavor enhancer, Suitable for vegetarian label on the package indicates the source of Calcium Guanylate is from vegetable source or it has to be under Halal or kosher certification. In USA/Canada it is kosher certified and meet the Halal requirements. Although disodium Guanylate is obtained from fish or seaweed or yeast. But if yeast is grown on pork media then it is Haram. It happened in Indonesia few years back when Monosodium Glutamate is produced using pork fat media to grow yeast by Ajinomonto Indonesia. As it was reported on our website.', 'Muslim Customer Group', 'http://www.muslimconsumergroup.com/e-numbers_list.html', '2005-09-28 13:52:03', '2016-04-13 13:52:03'),
(292, 1, 'A flavor enhancer, IMP or inosine monophosphate is a nucleotide commercially obtained from Torula Yeast. Torula yeast is grown on alcohol in USA to obtain Nucleotide which is mostly used in infant baby formula. In Europe if Torula yeast grown on sugar cane and Inosinic acid is obtained from it then it is Halal otherwise it is not Halal.', 'Muslim Customer Group', 'http://www.muslimconsumergroup.com/e-numbers_list.html', '2005-09-28 13:52:03', '2016-04-13 13:52:03'),
(293, 1, 'Miscellaneous - Flavour Enhancers. In Europe if it is obtained from non alcoholic fermantation by bacteria on sugar or from sugarcane itself then it is Halal but if it is obtained from Torula yeast grown on alcohol then disodium Inosinate is not Halal. It is Halal in USA and Canada. Disodium Inosinate is used in Europe as flavor enhancer used in soups, gravies, sauces, fish and seafoods. Although it is a nucleotide but it is obtained through bacterial non- alcoholic fermantation on sugar or from sugarcane itself. It should not be confused with nucleotide from Torula yeast which grown alcohol or sugar cane which is used in infant baby formula.', 'Muslim Customer Group', 'http://www.muslimconsumergroup.com/e-numbers_list.html', '2005-09-28 13:52:03', '2016-04-13 13:52:03'),
(294, 1, 'A flavor enhancer. Dipotassium Inosinate is a nucleotide commercially obtained from Torula Yeast cells. Torula yeast is grown on alcohol in USA to obtain Nucleotide which mostly used in infant baby formula. In Europe if Torula yeast grown on sugar cane and Sodium Inosinate is obtained from it then it is Halal otherwise it is not Halal.', 'Muslim Customer Group', 'http://www.muslimconsumergroup.com/e-numbers_list.html', '2011-06-14 13:52:03', '2016-04-13 13:52:03'),
(295, 1, 'A flavor enhancer. Calcium Inosinate is a nucleotide commercially obtained from Torula Yeast cells. Torula yeast is grown on alcohol in USA to obtain Nucleotide which mostly used in infant baby formula. In Europe if Torula yeast grown on sugar cane and Sodium Inosinate is obtained from it then it is Halal otherwise it is not Halal.', 'Muslim Customer Group', 'http://www.muslimconsumergroup.com/e-numbers_list.html', '2011-06-14 13:52:03', '2016-04-13 13:52:03'),
(296, 1, 'Calcium5-Ribonucleotide is a nucleotide commercially obtained from Torula Yeast cells. Torula yeast is grown on alcohol in USA to obtain Nucleotide which is mostly used in infant baby formula. In Europe if Torula yeast grown on sugar cane and Calcium5-Ribonucleotide is obtained from it then it is Halal otherwise it is not Halal.', 'Muslim Customer Group', 'http://www.muslimconsumergroup.com/e-numbers_list.html', '2011-06-14 13:52:03', '2016-04-13 13:52:03'),
(297, 1, 'Miscellaneous - Flavour Enhancers. Sodium5-Ribonucleotide is a nucleotide commercially obtained from Torula Yeast. Torula yeast is grown on alcohol in USA to obtain Nucleotide which is mostly used in infant baby formula. In Europe if Torula yeast grown on sugar cane and Sodium5-Ribonucleotide is obtained from it then it is Halal otherwise it is not Halal.', 'Muslim Customer Group', 'http://www.muslimconsumergroup.com/e-numbers_list.html', '2005-09-28 13:52:03', '2016-04-13 13:52:03'),
(298, 0, 'Miscellaneous - Flavour Enhancers', 'Muslim Customer Group', 'http://www.muslimconsumergroup.com/e-numbers_list.html', '2005-09-28 13:52:03', '2016-04-13 13:52:03'),
(299, 0, 'Miscellaneous - Flavour Enhancers', 'Muslim Customer Group', 'http://www.muslimconsumergroup.com/e-numbers_list.html', '2005-09-28 13:52:03', '2016-04-13 13:52:03'),
(300, 1, 'Glycin is a amino acid obtained either plant protein or animal protein. Only plant protein Glycine is Halal or if a claim "Suitable for Vegetarian" appeared on food package containing glycine, it means that Glycine is obtained from vegetable protein.', 'Muslim Customer Group', 'http://www.muslimconsumergroup.com/e-numbers_list.html', '2011-06-14 13:52:03', '2016-04-13 13:52:03'),
(301, 0, 'Chemical', 'Muslim Customer Group', 'http://www.muslimconsumergroup.com/e-numbers_list.html', '2011-06-14 13:52:03', '2016-04-13 13:52:03'),
(302, 0, 'Miscellaneous - Flavour Enhancers', 'Muslim Customer Group', 'http://www.muslimconsumergroup.com/e-numbers_list.html', '2005-09-28 13:52:03', '2016-04-13 13:52:03'),
(303, 0, 'Miscellaneous - Glazing Agents', 'Muslim Customer Group', 'http://www.muslimconsumergroup.com/e-numbers_list.html', '2005-09-28 13:52:03', '2016-04-13 13:52:03'),
(304, 0, 'Candelilla wax is derived from leaves of a plant.', 'Muslim Customer Group', 'http://www.muslimconsumergroup.com/e-numbers_list.html', '2011-06-14 13:52:03', '2016-04-13 13:52:03'),
(305, 0, 'Miscellaneous - Glazing Agents', 'Muslim Customer Group', 'http://www.muslimconsumergroup.com/e-numbers_list.html', '2005-09-28 13:52:03', '2016-04-13 13:52:03'),
(306, 1, 'Miscellaneous - Glazing Agents Glazing with Shellac is not Halal because alcohol is used to dissolve the Shellac and then evaporate before glazing on food products. Pure Shellac without alcohol is Halal because it is a insect secretion.', 'Muslim Customer Group', 'http://www.muslimconsumergroup.com/e-numbers_list.html', '2005-09-28 13:52:03', '2016-04-13 13:52:03'),
(307, 0, 'Miscellaneous - Glazing Agents', 'Muslim Customer Group', 'http://www.muslimconsumergroup.com/e-numbers_list.html', '2005-09-28 13:52:03', '2016-04-13 13:52:03'),
(308, 1, 'Miscellaneous - Glazing Agents If alcohol is used then it is not Halal.', 'Muslim Customer Group', 'http://www.muslimconsumergroup.com/e-numbers_list.html', '2005-09-28 13:52:03', '2016-04-13 13:52:03'),
(309, 1, 'Halal if obtained from plant lipid or fat. Haram if obtained frpm pork fat. Suitable for vegetarian claim on package indicates they are from plant fat.', 'Muslim Customer Group', 'http://www.muslimconsumergroup.com/e-numbers_list.html', '2011-06-14 13:52:03', '2016-04-13 13:52:03'),
(310, 0, 'It is from sheep wool and obtained without slaughtering the sheep.', 'Muslim Customer Group', 'http://www.muslimconsumergroup.com/e-numbers_list.html', '2005-09-28 13:52:03', '2016-04-13 13:52:03'),
(311, 0, 'plastic based product', 'Muslim Customer Group', 'http://www.muslimconsumergroup.com/e-numbers_list.html', '2011-06-14 13:52:03', '2016-04-13 13:52:03'),
(312, 1, 'Miscellaneous - Compounds used to treat Flour L-Cysteine from human hair is Haram. L-Cysteine from chicken feathers is not Halal. L-Cysteine from fermentation and synthetic source is Halal.', 'Muslim Customer Group', 'http://www.muslimconsumergroup.com/e-numbers_list.html', '2005-09-28 13:52:03', '2016-04-13 13:52:03'),
(313, 0, 'Miscellaneous - Compounds used to treat Flour', 'Muslim Customer Group', 'http://www.muslimconsumergroup.com/e-numbers_list.html', '2005-09-28 13:52:03', '2016-04-13 13:52:03'),
(314, 0, 'Miscellaneous - Compounds used to treat Flour', 'Muslim Customer Group', 'http://www.muslimconsumergroup.com/e-numbers_list.html', '2005-09-28 13:52:03', '2016-04-13 13:52:03'),
(315, 0, 'Miscellaneous - Compounds used to treat Flour', 'Muslim Customer Group', 'http://www.muslimconsumergroup.com/e-numbers_list.html', '2005-09-28 13:52:03', '2016-04-13 13:52:03'),
(316, 0, 'Miscellaneous - Compounds used to treat Flour', 'Muslim Customer Group', 'http://www.muslimconsumergroup.com/e-numbers_list.html', '2005-09-28 13:52:03', '2016-04-13 13:52:03'),
(317, 0, 'Chemical element', 'Muslim Customer Group', 'http://www.muslimconsumergroup.com/e-numbers_list.html', '2011-06-14 13:52:03', '2016-04-13 13:52:03'),
(318, 0, 'Gas', 'Muslim Customer Group', 'http://www.muslimconsumergroup.com/e-numbers_list.html', '2011-06-14 13:52:03', '2016-04-13 13:52:03'),
(319, 0, 'Gas', 'Muslim Customer Group', 'http://www.muslimconsumergroup.com/e-numbers_list.html', '2011-06-14 13:52:03', '2016-04-13 13:52:03'),
(320, 0, 'Laughing gas', 'Muslim Customer Group', 'http://www.muslimconsumergroup.com/e-numbers_list.html', '2011-06-14 13:52:03', '2016-04-13 13:52:03'),
(321, 0, 'Alkane gas', 'Muslim Customer Group', 'http://www.muslimconsumergroup.com/e-numbers_list.html', '2011-06-14 13:52:03', '2016-04-13 13:52:03'),
(322, 0, 'Alkane', 'Muslim Customer Group', 'http://www.muslimconsumergroup.com/e-numbers_list.html', '2011-06-14 13:52:03', '2016-04-13 13:52:03'),
(323, 0, 'Gas', 'Muslim Customer Group', 'http://www.muslimconsumergroup.com/e-numbers_list.html', '2011-06-14 13:52:03', '2016-04-13 13:52:03'),
(324, 0, 'Gas', 'Muslim Customer Group', 'http://www.muslimconsumergroup.com/e-numbers_list.html', '2011-06-14 13:52:03', '2016-04-13 13:52:03'),
(325, 2, 'A synthetic sweetener but alcohol is used during it processing', 'Muslim Customer Group', 'http://www.muslimconsumergroup.com/e-numbers_list.html', '2016-02-28 13:52:03', '2016-04-13 13:52:03'),
(326, 0, 'A sweetener, it is Halal certified from a German company, it is Halal in USA.', 'Muslim Customer Group', 'http://www.muslimconsumergroup.com/e-numbers_list.html', '2005-09-28 13:52:03', '2016-04-13 13:52:03'),
(327, 0, 'A synthetic sweetener.', 'Muslim Customer Group', 'http://www.muslimconsumergroup.com/e-numbers_list.html', '2005-09-28 13:52:03', '2016-04-13 13:52:03'),
(328, 0, 'A sugar alcohol and humectant.', 'Muslim Customer Group', 'http://www.muslimconsumergroup.com/e-numbers_list.html', '2005-09-28 13:52:03', '2016-04-13 13:52:03'),
(329, 1, 'A sugar alcohol, Halal if obtained from Halal whey or lactose. If animal rennet is used to make whey and lactose then Lactitol is not Halal.', 'Muslim Customer Group', 'http://www.muslimconsumergroup.com/e-numbers_list.html', '2005-09-28 13:52:03', '2016-04-13 13:52:03'),
(330, 0, 'A sugar alcohol.', 'Muslim Customer Group', 'http://www.muslimconsumergroup.com/e-numbers_list.html', '2005-09-28 13:52:03', '2016-04-13 13:52:03'),
(331, 0, 'Erythritol is a sugar alcohol obtained either from cornstarch or fruit alcoholic fermentation', 'Muslim Customer Group', 'http://www.muslimconsumergroup.com/e-numbers_list.html', '2015-07-16 13:52:03', '2016-04-13 13:52:03'),
(332, 2, 'Soap bark tree but extract is extracted with alcohol.', 'Muslim Customer Group', 'http://www.muslimconsumergroup.com/e-numbers_list.html', '2011-06-14 13:52:03', '2016-04-13 13:52:03'),
(333, 0, 'Halal if pure grind turmeric powder or granular. Mushbooh if used as liquid, the solvents has to be Halal. Haraam if hidden ingredient is pork fat based emulsifier in dry mix.', 'World of Islam', 'https://special.worldofislam.info/Food/numbers.html', '2016-04-13 13:52:03', '2016-04-13 13:52:03'),
(334, 1, 'Mushbooh (Haraam if from pork liver & Kidney, Halal if 100% plant material', 'World of Islam', 'https://special.worldofislam.info/Food/numbers.html', '2016-04-13 13:52:03', '2016-04-13 13:52:03'),
(335, 0, 'Halal if used as 100% dry color. Mushbooh if used as liquid color, the solvent has to be Halal', 'World of Islam', 'https://special.worldofislam.info/Food/numbers.html', '2016-04-13 13:52:03', '2016-04-13 13:52:03'),
(336, 0, 'Halal if used as 100% dry color. Mushbooh if used as liquid color, the solvent other than water has to be Halal', 'World of Islam', 'https://special.worldofislam.info/Food/numbers.html', '2016-04-13 13:52:03', '2016-04-13 13:52:03'),
(337, 1, 'Halal if used as 100% dry color. Mushbooh if used as liquid color, the solvent has to be Halal', 'World of Islam', 'https://special.worldofislam.info/Food/numbers.html', '2016-04-13 13:52:03', '2016-04-13 13:52:03'),
(338, 0, 'Halal if used as 100% dry color. Mushbooh if used as liquid color, the solvent has to be Halal', 'World of Islam', 'https://special.worldofislam.info/Food/numbers.html', '2016-04-13 13:52:03', '2016-04-13 13:52:03'),
(339, 2, 'Haraam according to Hanafi Fiqqah', 'World of Islam', 'https://special.worldofislam.info/Food/numbers.html', '2016-04-13 13:52:03', '2016-04-13 13:52:03'),
(340, 0, 'Halal if used as 100% dry color. Mushbooh if used as liquid color, the solvent has to be Halal', 'World of Islam', 'https://special.worldofislam.info/Food/numbers.html', '2016-04-13 13:52:03', '2016-04-13 13:52:03'),
(341, 0, 'Halal if used as 100% dry color. Mushbooh if used as liquid color, the solvent has to be Halal', 'World of Islam', 'https://special.worldofislam.info/Food/numbers.html', '2016-04-13 13:52:03', '2016-04-13 13:52:03'),
(342, 0, 'Halal if used as 100% dry color. Mushbooh if used as liquid color, the solvent has to be Halal', 'World of Islam', 'https://special.worldofislam.info/Food/numbers.html', '2016-04-13 13:52:03', '2016-04-13 13:52:03'),
(343, 0, 'Halal if used as 100% dry color. Mushbooh if used as liquid color, the solvent has to be Halal', 'World of Islam', 'https://special.worldofislam.info/Food/numbers.html', '2016-04-13 13:52:03', '2016-04-13 13:52:03'),
(344, 1, 'Halal if used as 100% dry color. Mushbooh if used as liquid color, the solvent has to be Halal', 'World of Islam', 'https://special.worldofislam.info/Food/numbers.html', '2016-04-13 13:52:03', '2016-04-13 13:52:03'),
(345, 0, 'Halal if used as 100% dry color. Mushbooh if used as liquid color, the solvent has to be Halal', 'World of Islam', 'https://special.worldofislam.info/Food/numbers.html', '2016-04-13 13:52:03', '2016-04-13 13:52:03'),
(346, 0, 'Halal if use as is as a 100% synthetic color but if pork glycerin is added as a solvent then it is Haraam', 'World of Islam', 'https://special.worldofislam.info/Food/numbers.html', '2016-04-13 13:52:03', '2016-04-13 13:52:03'),
(347, 1, 'Halal if used as 100% dry color. Mushbooh if used as liquid color, the solvent has to be Halal', 'World of Islam', 'https://special.worldofislam.info/Food/numbers.html', '2016-04-13 13:52:03', '2016-04-13 13:52:03'),
(348, 0, 'Halal if use 100% powder or Halal if water or vegetable oil was used as a solvent', 'World of Islam', 'https://special.worldofislam.info/Food/numbers.html', '2016-04-13 13:52:03', '2016-04-13 13:52:03'),
(349, 0, 'Halal if use 100% powder or Halal if water or vegetable oil was used as a solvent', 'World of Islam', 'https://special.worldofislam.info/Food/numbers.html', '2016-04-13 13:52:03', '2016-04-13 13:52:03'),
(350, 0, 'Halal if used as 100% dry color. Mushbooh if used as liquid color, the solvent has to be Halal', 'World of Islam', 'https://special.worldofislam.info/Food/numbers.html', '2016-04-13 13:52:03', '2016-04-13 13:52:03'),
(351, 0, 'Halal', 'World of Islam', 'https://special.worldofislam.info/Food/numbers.html', '2016-04-13 13:52:03', '2016-04-13 13:52:03'),
(352, 0, 'Halal if used as 100% dry color. Mushbooh if used as liquid color, the solvent has to be Halal', 'World of Islam', 'https://special.worldofislam.info/Food/numbers.html', '2016-04-13 13:52:03', '2016-04-13 13:52:03'),
(353, 0, 'Halal if used as 100% dry color. Mushbooh if used as liquid color, the solvent has to be Halal', 'World of Islam', 'https://special.worldofislam.info/Food/numbers.html', '2016-04-13 13:52:03', '2016-04-13 13:52:03'),
(354, 1, 'Halal if used as 100% dry color. Mushbooh if used as liquid color, the solvent has to be Halal', 'World of Islam', 'https://special.worldofislam.info/Food/numbers.html', '2016-04-13 13:52:03', '2016-04-13 13:52:03'),
(355, 1, 'Halal if used as 100% dry color. Mushbooh if used as liquid color, the solvent has to be Halal', 'World of Islam', 'https://special.worldofislam.info/Food/numbers.html', '2016-04-13 13:52:03', '2016-04-13 13:52:03'),
(356, 0, 'Halal if used as 100% dry color. Mushbooh if used as liquid color, the solvent has to be Halal', 'World of Islam', 'https://special.worldofislam.info/Food/numbers.html', '2016-04-13 13:52:03', '2016-04-13 13:52:03'),
(357, 0, 'Halal', 'World of Islam', 'https://special.worldofislam.info/Food/numbers.html', '2016-04-13 13:52:03', '2016-04-13 13:52:03'),
(358, 0, 'Halal if used as 100% dry color. Mushbooh if used as liquid color, the solvent has to be Halal', 'World of Islam', 'https://special.worldofislam.info/Food/numbers.html', '2016-04-13 13:52:03', '2016-04-13 13:52:03'),
(359, 0, 'Halal if used as 100% dry color. Mushbooh if used as liquid color, the solvent has to be Halal', 'World of Islam', 'https://special.worldofislam.info/Food/numbers.html', '2016-04-13 13:52:03', '2016-04-13 13:52:03'),
(360, 0, 'Halal if used as 100% dry powder or granular or Halal if vegetable oil is used as a solvent in liquid form as a hidden ingredient. Haraam if pork gelatin is used as hidden ingredient or carrier', 'World of Islam', 'https://special.worldofislam.info/Food/numbers.html', '2016-04-13 13:52:03', '2016-04-13 13:52:03'),
(361, 0, 'Halal if used as 100% dry powder or granular or Halal if vegetable oil is used as a solvent in liquid form as a hidden ingredient. Haraam if pork gelatin is used as hidden ingredient or carrier', 'World of Islam', 'https://special.worldofislam.info/Food/numbers.html', '2016-04-13 13:52:03', '2016-04-13 13:52:03'),
(362, 0, 'Halal if used as 100% dry color. Mushbooh if used as liquid color, the solvent has to be Halal', 'World of Islam', 'https://special.worldofislam.info/Food/numbers.html', '2016-04-13 13:52:03', '2016-04-13 13:52:03'),
(363, 0, 'Halal if used as 100% dry powder or granular. Haraam if pork gelatin or pork glycerin is added in dry or liquid form', 'World of Islam', 'https://special.worldofislam.info/Food/numbers.html', '2016-04-13 13:52:03', '2016-04-13 13:52:03'),
(364, 0, 'Halal if used as 100% dry color. Mushbooh if used as liquid color, the solvent has to be Halal', 'World of Islam', 'https://special.worldofislam.info/Food/numbers.html', '2016-04-13 13:52:03', '2016-04-13 13:52:03'),
(365, 0, 'Halal if used as 100% dry color. Mushbooh if used as liquid color, the solvent has to be Halal', 'World of Islam', 'https://special.worldofislam.info/Food/numbers.html', '2016-04-13 13:52:03', '2016-04-13 13:52:03'),
(366, 0, 'Halal if used as 100% dry color. Mushbooh if used as liquid color, the solvent has to be Halal', 'World of Islam', 'https://special.worldofislam.info/Food/numbers.html', '2016-04-13 13:52:03', '2016-04-13 13:52:03'),
(367, 0, 'Halal if used as 100% dry color. Mushbooh if used as liquid color, the solvent has to be Halal', 'World of Islam', 'https://special.worldofislam.info/Food/numbers.html', '2016-04-13 13:52:03', '2016-04-13 13:52:03'),
(368, 0, 'Halal if used as 100% dry color. Mushbooh if used as liquid color, the solvent has to be Halal', 'World of Islam', 'https://special.worldofislam.info/Food/numbers.html', '2016-04-13 13:52:03', '2016-04-13 13:52:03'),
(369, 0, 'Halal if used as 100% dry color. Mushbooh if used as liquid color, the solvent has to be Halal', 'World of Islam', 'https://special.worldofislam.info/Food/numbers.html', '2016-04-13 13:52:03', '2016-04-13 13:52:03'),
(370, 0, 'Halal if used as 100% dry color. Mushbooh if used as liquid color, the solvent has to be Halal', 'World of Islam', 'https://special.worldofislam.info/Food/numbers.html', '2016-04-13 13:52:03', '2016-04-13 13:52:03'),
(371, 0, 'Halal if obtained from rock mineral and used as 100% dry powder or granular. Mushbooh if used as liquid, solvent has to be Halal', 'World of Islam', 'https://special.worldofislam.info/Food/numbers.html', '2016-04-13 13:52:03', '2016-04-13 13:52:03'),
(372, 0, 'Halal', 'World of Islam', 'https://special.worldofislam.info/Food/numbers.html', '2016-04-13 13:52:03', '2016-04-13 13:52:03'),
(373, 0, 'Halal', 'World of Islam', 'https://special.worldofislam.info/Food/numbers.html', '2016-04-13 13:52:03', '2016-04-13 13:52:03'),
(374, 0, 'Halal', 'World of Islam', 'https://special.worldofislam.info/Food/numbers.html', '2016-04-13 13:52:03', '2016-04-13 13:52:03'),
(375, 0, 'Halal', 'World of Islam', 'https://special.worldofislam.info/Food/numbers.html', '2016-04-13 13:52:03', '2016-04-13 13:52:03'),
(376, 0, 'Halal', 'World of Islam', 'https://special.worldofislam.info/Food/numbers.html', '2016-04-13 13:52:03', '2016-04-13 13:52:03'),
(377, 0, 'Halal if used as 100% dry color. Mushbooh if used as liquid color, the solvent has to be Halal', 'World of Islam', 'https://special.worldofislam.info/Food/numbers.html', '2016-04-13 13:52:03', '2016-04-13 13:52:03'),
(378, 0, 'Halal', 'World of Islam', 'https://special.worldofislam.info/Food/numbers.html', '2016-04-13 13:52:03', '2016-04-13 13:52:03'),
(379, 0, 'Halal', 'World of Islam', 'https://special.worldofislam.info/Food/numbers.html', '2016-04-13 13:52:03', '2016-04-13 13:52:03'),
(380, 0, 'Halal', 'World of Islam', 'https://special.worldofislam.info/Food/numbers.html', '2016-04-13 13:52:03', '2016-04-13 13:52:03'),
(381, 0, 'Halal', 'World of Islam', 'https://special.worldofislam.info/Food/numbers.html', '2016-04-13 13:52:03', '2016-04-13 13:52:03'),
(382, 0, 'Halal', 'World of Islam', 'https://special.worldofislam.info/Food/numbers.html', '2016-04-13 13:52:03', '2016-04-13 13:52:03'),
(383, 0, 'Halal', 'World of Islam', 'https://special.worldofislam.info/Food/numbers.html', '2016-04-13 13:52:03', '2016-04-13 13:52:03'),
(384, 0, 'Halal', 'World of Islam', 'https://special.worldofislam.info/Food/numbers.html', '2016-04-13 13:52:03', '2016-04-13 13:52:03'),
(385, 0, 'Halal, if calcium obtained from mineral, Mushbooh if it is obtained from bones.', 'World of Islam', 'https://special.worldofislam.info/Food/numbers.html', '2016-04-13 13:52:03', '2016-04-13 13:52:03'),
(386, 0, 'Halal, if used as 100% dry powder or granular. Haraam if alcohol is used as a solvent', 'World of Islam', 'https://special.worldofislam.info/Food/numbers.html', '2016-04-13 13:52:03', '2016-04-13 13:52:03'),
(387, 0, 'Halal, if used as 100% dry powder or granular. Haraam if alcohol is used as a solvent', 'World of Islam', 'https://special.worldofislam.info/Food/numbers.html', '2016-04-13 13:52:03', '2016-04-13 13:52:03'),
(388, 0, 'Halal, if used as 100% dry powder or granular. Haraam if alcohol is used as a solvent', 'World of Islam', 'https://special.worldofislam.info/Food/numbers.html', '2016-04-13 13:52:03', '2016-04-13 13:52:03'),
(389, 0, 'Halal, if used as 100% dry powder or granular. Haraam if alcohol is used as a solvent', 'World of Islam', 'https://special.worldofislam.info/Food/numbers.html', '2016-04-13 13:52:03', '2016-04-13 13:52:03'),
(390, 0, 'Halal, if used as 100% dry powder or granular. Haraam if alcohol is used as a solvent', 'World of Islam', 'https://special.worldofislam.info/Food/numbers.html', '2016-04-13 13:52:03', '2016-04-13 13:52:03'),
(391, 0, 'Halal, if used as 100% dry powder or granular. Haraam if alcohol is used as a solvent', 'World of Islam', 'https://special.worldofislam.info/Food/numbers.html', '2016-04-13 13:52:03', '2016-04-13 13:52:03'),
(392, 0, 'Halal', 'World of Islam', 'https://special.worldofislam.info/Food/numbers.html', '2016-04-13 13:52:03', '2016-04-13 13:52:03'),
(393, 0, 'Halal', 'World of Islam', 'https://special.worldofislam.info/Food/numbers.html', '2016-04-13 13:52:03', '2016-04-13 13:52:03'),
(394, 0, 'Halal', 'World of Islam', 'https://special.worldofislam.info/Food/numbers.html', '2016-04-13 13:52:03', '2016-04-13 13:52:03'),
(395, 0, 'Halal', 'World of Islam', 'https://special.worldofislam.info/Food/numbers.html', '2016-04-13 13:52:03', '2016-04-13 13:52:03'),
(396, 0, 'Halal', 'World of Islam', 'https://special.worldofislam.info/Food/numbers.html', '2016-04-13 13:52:03', '2016-04-13 13:52:03'),
(397, 0, 'Halal', 'World of Islam', 'https://special.worldofislam.info/Food/numbers.html', '2016-04-13 13:52:03', '2016-04-13 13:52:03'),
(398, 0, 'Halal, if calcium is obtained from mineral or chemicals. Mushbooh if it is obtained from bones.', 'World of Islam', 'https://special.worldofislam.info/Food/numbers.html', '2016-04-13 13:52:03', '2016-04-13 13:52:03'),
(399, 0, 'Halal, if no alcohol is used as a solvent', 'World of Islam', 'https://special.worldofislam.info/Food/numbers.html', '2016-04-13 13:52:03', '2016-04-13 13:52:03'),
(400, 0, 'Halal, if no alcohol is used as a solvent', 'World of Islam', 'https://special.worldofislam.info/Food/numbers.html', '2016-04-13 13:52:03', '2016-04-13 13:52:03'),
(401, 0, 'Halal, if no alcohol is used as a solvent', 'World of Islam', 'https://special.worldofislam.info/Food/numbers.html', '2016-04-13 13:52:03', '2016-04-13 13:52:03'),
(402, 0, 'Halal, if no alcohol is used as a solvent', 'World of Islam', 'https://special.worldofislam.info/Food/numbers.html', '2016-04-13 13:52:03', '2016-04-13 13:52:03'),
(403, 0, 'Halal', 'World of Islam', 'https://special.worldofislam.info/Food/numbers.html', '2016-04-13 13:52:03', '2016-04-13 13:52:03'),
(404, 0, 'Halal', 'World of Islam', 'https://special.worldofislam.info/Food/numbers.html', '2016-04-13 13:52:03', '2016-04-13 13:52:03'),
(405, 0, 'Halal', 'World of Islam', 'https://special.worldofislam.info/Food/numbers.html', '2016-04-13 13:52:03', '2016-04-13 13:52:03'),
(406, 0, 'Halal', 'World of Islam', 'https://special.worldofislam.info/Food/numbers.html', '2016-04-13 13:52:03', '2016-04-13 13:52:03'),
(407, 0, 'Halal', 'World of Islam', 'https://special.worldofislam.info/Food/numbers.html', '2016-04-13 13:52:03', '2016-04-13 13:52:03'),
(408, 0, 'Halal', 'World of Islam', 'https://special.worldofislam.info/Food/numbers.html', '2016-04-13 13:52:03', '2016-04-13 13:52:03'),
(409, 0, 'Halal', 'World of Islam', 'https://special.worldofislam.info/Food/numbers.html', '2016-04-13 13:52:03', '2016-04-13 13:52:03'),
(410, 0, 'Halal', 'World of Islam', 'https://special.worldofislam.info/Food/numbers.html', '2016-04-13 13:52:03', '2016-04-13 13:52:03'),
(411, 0, 'Halal', 'World of Islam', 'https://special.worldofislam.info/Food/numbers.html', '2016-04-13 13:52:03', '2016-04-13 13:52:03'),
(412, 0, 'Halal', 'World of Islam', 'https://special.worldofislam.info/Food/numbers.html', '2016-04-13 13:52:03', '2016-04-13 13:52:03'),
(413, 0, 'Halal if obtained other than whey. In USA it is always from non dairy source.', 'World of Islam', 'https://special.worldofislam.info/Food/numbers.html', '2016-04-13 13:52:03', '2016-04-13 13:52:03'),
(414, 0, 'Halal', 'World of Islam', 'https://special.worldofislam.info/Food/numbers.html', '2016-04-13 13:52:03', '2016-04-13 13:52:03'),
(415, 0, 'Halal', 'World of Islam', 'https://special.worldofislam.info/Food/numbers.html', '2016-04-13 13:52:03', '2016-04-13 13:52:03'),
(416, 0, 'Halal if calcium obtained from mineral, Mushbooh if it obtained from bones', 'World of Islam', 'https://special.worldofislam.info/Food/numbers.html', '2016-04-13 13:52:03', '2016-04-13 13:52:03'),
(417, 0, 'Halal', 'World of Islam', 'https://special.worldofislam.info/Food/numbers.html', '2016-04-13 13:52:03', '2016-04-13 13:52:03'),
(418, 0, 'Halal', 'World of Islam', 'https://special.worldofislam.info/Food/numbers.html', '2016-04-13 13:52:03', '2016-04-13 13:52:03'),
(419, 0, 'Halal', 'World of Islam', 'https://special.worldofislam.info/Food/numbers.html', '2016-04-13 13:52:03', '2016-04-13 13:52:03'),
(420, 0, 'Halal', 'World of Islam', 'https://special.worldofislam.info/Food/numbers.html', '2016-04-13 13:52:03', '2016-04-13 13:52:03'),
(421, 0, 'Halal', 'World of Islam', 'https://special.worldofislam.info/Food/numbers.html', '2016-04-13 13:52:03', '2016-04-13 13:52:03'),
(422, 0, 'Halal', 'World of Islam', 'https://special.worldofislam.info/Food/numbers.html', '2016-04-13 13:52:03', '2016-04-13 13:52:03'),
(423, 0, 'Halal, if the calcium source is from mineral, Mushbooh if it is from bones', 'World of Islam', 'https://special.worldofislam.info/Food/numbers.html', '2016-04-13 13:52:03', '2016-04-13 13:52:03'),
(424, 0, 'Halal if saturated fatty acid Palmitic acid is obtained from plant. Haraam if palmitic acid is obtained from pork fat', 'World of Islam', 'https://special.worldofislam.info/Food/numbers.html', '2016-04-13 13:52:03', '2016-04-13 13:52:03'),
(425, 0, 'Halal If Tocopherol is obtained from plant fat. Haraam if Tocopherol is obtained from pork fat', 'World of Islam', 'https://special.worldofislam.info/Food/numbers.html', '2016-04-13 13:52:03', '2016-04-13 13:52:03'),
(426, 0, 'Halal only if it is made with all Halal synthetic material without alcoholic fermentation synthetic method', 'World of Islam', 'https://special.worldofislam.info/Food/numbers.html', '2016-04-13 13:52:03', '2016-04-13 13:52:03'),
(427, 0, 'Halal only if it is made with all Halal synthetic material without alcoholic fermentation synthetic method', 'World of Islam', 'https://special.worldofislam.info/Food/numbers.html', '2016-04-13 13:52:03', '2016-04-13 13:52:03');
INSERT INTO `halalSources` (`id`, `hStatus`, `hDescription`, `hOrganization`, `hUrl`, `created_at`, `updated_at`) VALUES
(428, 0, 'Halal only if it is made with all Halal synthetic material without alcoholic fermentation synthetic method', 'World of Islam', 'https://special.worldofislam.info/Food/numbers.html', '2016-04-13 13:52:03', '2016-04-13 13:52:03'),
(429, 0, 'Halal', 'World of Islam', 'https://special.worldofislam.info/Food/numbers.html', '2016-04-13 13:52:03', '2016-04-13 13:52:03'),
(430, 0, 'Halal if obtained from nutgalls or plant secretion', 'World of Islam', 'https://special.worldofislam.info/Food/numbers.html', '2016-04-13 13:52:03', '2016-04-13 13:52:03'),
(431, 0, 'Halal if obtained from nutgalls or plant secretion. Haraam if alcohol was used as solvent', 'World of Islam', 'https://special.worldofislam.info/Food/numbers.html', '2016-04-13 13:52:03', '2016-04-13 13:52:03'),
(432, 0, 'Halal if only vegetable oil is used as a carrier. Haraam if the carrier is from pork fat. It is not available as pure 100% chemical.', 'World of Islam', 'https://special.worldofislam.info/Food/numbers.html', '2016-04-13 13:52:03', '2016-04-13 13:52:03'),
(433, 0, 'Halal if only vegetable oil is used as a carrier. Haraam if the carrier is from pork fat. It is not available as pure 100% chemical.', 'World of Islam', 'https://special.worldofislam.info/Food/numbers.html', '2016-04-13 13:52:03', '2016-04-13 13:52:03'),
(434, 0, 'Halal if obtained from soy fat or egg yolk in Europe. It is Halal in USA because it is always obtained from soy fat.', 'World of Islam', 'https://special.worldofislam.info/Food/numbers.html', '2016-04-13 13:52:03', '2016-04-13 13:52:03'),
(435, 0, 'Halal if the lactic acid from non dairy source', 'World of Islam', 'https://special.worldofislam.info/Food/numbers.html', '2016-04-13 13:52:03', '2016-04-13 13:52:03'),
(436, 0, 'Halal if the lactic acid from non dairy source', 'World of Islam', 'https://special.worldofislam.info/Food/numbers.html', '2016-04-13 13:52:03', '2016-04-13 13:52:03'),
(437, 0, 'Halal if the lactic acid from non dairy source and calcium from mineral', 'World of Islam', 'https://special.worldofislam.info/Food/numbers.html', '2016-04-13 13:52:03', '2016-04-13 13:52:03'),
(438, 0, 'Halal', 'World of Islam', 'https://special.worldofislam.info/Food/numbers.html', '2016-04-13 13:52:03', '2016-04-13 13:52:03'),
(439, 0, 'Halal', 'World of Islam', 'https://special.worldofislam.info/Food/numbers.html', '2016-04-13 13:52:03', '2016-04-13 13:52:03'),
(440, 0, 'Halal', 'World of Islam', 'https://special.worldofislam.info/Food/numbers.html', '2016-04-13 13:52:03', '2016-04-13 13:52:03'),
(441, 0, 'Halal if calcium source is not from bones', 'World of Islam', 'https://special.worldofislam.info/Food/numbers.html', '2016-04-13 13:52:03', '2016-04-13 13:52:03'),
(442, 0, 'Halal, if it is not obtained from wine by-product, in USA it is Halalbecause it is obtained from un-fermented grapes.', 'World of Islam', 'https://special.worldofislam.info/Food/numbers.html', '2016-04-13 13:52:03', '2016-04-13 13:52:03'),
(443, 0, 'Halal, if it is not obtained from wine by-product, in USA it is Halalbecause it is obtained from un-fermented grapes.', 'World of Islam', 'https://special.worldofislam.info/Food/numbers.html', '2016-04-13 13:52:03', '2016-04-13 13:52:03'),
(444, 0, 'Halal, if it is not obtained from wine by-product, in USA it is Halalbecause it is obtained from un-fermented grapes.', 'World of Islam', 'https://special.worldofislam.info/Food/numbers.html', '2016-04-13 13:52:03', '2016-04-13 13:52:03'),
(445, 0, 'Halal, if it is not obtained from wine by-product, in USA it is Halalbecause it is obtained from un-fermented grapes.', 'World of Islam', 'https://special.worldofislam.info/Food/numbers.html', '2016-04-13 13:52:03', '2016-04-13 13:52:03'),
(446, 0, 'Halal', 'World of Islam', 'https://special.worldofislam.info/Food/numbers.html', '2016-04-13 13:52:03', '2016-04-13 13:52:03'),
(447, 0, 'Halal', 'World of Islam', 'https://special.worldofislam.info/Food/numbers.html', '2016-04-13 13:52:03', '2016-04-13 13:52:03'),
(448, 0, 'Halal', 'World of Islam', 'https://special.worldofislam.info/Food/numbers.html', '2016-04-13 13:52:03', '2016-04-13 13:52:03'),
(449, 0, 'Halal if calcium from mineral source', 'World of Islam', 'https://special.worldofislam.info/Food/numbers.html', '2016-04-13 13:52:03', '2016-04-13 13:52:03'),
(450, 0, 'Halal', 'World of Islam', 'https://special.worldofislam.info/Food/numbers.html', '2016-04-13 13:52:03', '2016-04-13 13:52:03'),
(451, 0, 'Halal', 'World of Islam', 'https://special.worldofislam.info/Food/numbers.html', '2016-04-13 13:52:03', '2016-04-13 13:52:03'),
(452, 0, 'Halal', 'World of Islam', 'https://special.worldofislam.info/Food/numbers.html', '2016-04-13 13:52:03', '2016-04-13 13:52:03'),
(453, 0, 'Halal', 'World of Islam', 'https://special.worldofislam.info/Food/numbers.html', '2016-04-13 13:52:03', '2016-04-13 13:52:03'),
(454, 0, 'Halal', 'World of Islam', 'https://special.worldofislam.info/Food/numbers.html', '2016-04-13 13:52:03', '2016-04-13 13:52:03'),
(455, 0, 'Halal', 'World of Islam', 'https://special.worldofislam.info/Food/numbers.html', '2016-04-13 13:52:03', '2016-04-13 13:52:03'),
(456, 0, 'Halal', 'World of Islam', 'https://special.worldofislam.info/Food/numbers.html', '2016-04-13 13:52:03', '2016-04-13 13:52:03'),
(457, 0, 'Halal', 'World of Islam', 'https://special.worldofislam.info/Food/numbers.html', '2016-04-13 13:52:03', '2016-04-13 13:52:03'),
(458, 0, 'Halal', 'World of Islam', 'https://special.worldofislam.info/Food/numbers.html', '2016-04-13 13:52:03', '2016-04-13 13:52:03'),
(459, 0, 'Halal', 'World of Islam', 'https://special.worldofislam.info/Food/numbers.html', '2016-04-13 13:52:03', '2016-04-13 13:52:03'),
(460, 0, 'Halal', 'World of Islam', 'https://special.worldofislam.info/Food/numbers.html', '2016-04-13 13:52:03', '2016-04-13 13:52:03'),
(461, 0, 'Halal', 'World of Islam', 'https://special.worldofislam.info/Food/numbers.html', '2016-04-13 13:52:03', '2016-04-13 13:52:03'),
(462, 0, 'Halal', 'World of Islam', 'https://special.worldofislam.info/Food/numbers.html', '2016-04-13 13:52:03', '2016-04-13 13:52:03'),
(463, 0, 'Halal', 'World of Islam', 'https://special.worldofislam.info/Food/numbers.html', '2016-04-13 13:52:03', '2016-04-13 13:52:03'),
(464, 0, 'Halal', 'World of Islam', 'https://special.worldofislam.info/Food/numbers.html', '2016-04-13 13:52:03', '2016-04-13 13:52:03'),
(465, 0, 'Halal if calcium source is from mineral', 'World of Islam', 'https://special.worldofislam.info/Food/numbers.html', '2016-04-13 13:52:03', '2016-04-13 13:52:03'),
(466, 0, 'Halal', 'World of Islam', 'https://special.worldofislam.info/Food/numbers.html', '2016-04-13 13:52:03', '2016-04-13 13:52:03'),
(467, 0, 'Halal', 'World of Islam', 'https://special.worldofislam.info/Food/numbers.html', '2016-04-13 13:52:03', '2016-04-13 13:52:03'),
(468, 0, 'Halal', 'World of Islam', 'https://special.worldofislam.info/Food/numbers.html', '2016-04-13 13:52:03', '2016-04-13 13:52:03'),
(469, 0, 'Halal', 'World of Islam', 'https://special.worldofislam.info/Food/numbers.html', '2016-04-13 13:52:03', '2016-04-13 13:52:03'),
(470, 0, 'Halal', 'World of Islam', 'https://special.worldofislam.info/Food/numbers.html', '2016-04-13 13:52:03', '2016-04-13 13:52:03'),
(471, 0, 'Halal.', 'World of Islam', 'https://special.worldofislam.info/Food/numbers.html', '2016-04-13 13:52:03', '2016-04-13 13:52:03'),
(472, 0, 'Halal', 'World of Islam', 'https://special.worldofislam.info/Food/numbers.html', '2016-04-13 13:52:03', '2016-04-13 13:52:03'),
(473, 0, 'Halal', 'World of Islam', 'https://special.worldofislam.info/Food/numbers.html', '2016-04-13 13:52:03', '2016-04-13 13:52:03'),
(474, 0, 'Halal', 'World of Islam', 'https://special.worldofislam.info/Food/numbers.html', '2016-04-13 13:52:03', '2016-04-13 13:52:03'),
(475, 0, 'Halal', 'World of Islam', 'https://special.worldofislam.info/Food/numbers.html', '2016-04-13 13:52:03', '2016-04-13 13:52:03'),
(476, 0, 'Halal', 'World of Islam', 'https://special.worldofislam.info/Food/numbers.html', '2016-04-13 13:52:03', '2016-04-13 13:52:03'),
(477, 1, 'Mushbooh, called Glycerin in USA, Halal if it is from plant fat, Haraam if it is from pork fat', 'World of Islam', 'https://special.worldofislam.info/Food/numbers.html', '2016-04-13 13:52:03', '2016-04-13 13:52:03'),
(478, 1, 'Halal if it is 100% from plant fat, Haraam if it is from pork fat', 'World of Islam', 'https://special.worldofislam.info/Food/numbers.html', '2016-04-13 13:52:03', '2016-04-13 13:52:03'),
(479, 1, 'Halal if it is 100% from plant fat, Haraam if it is from pork fat', 'World of Islam', 'https://special.worldofislam.info/Food/numbers.html', '2016-04-13 13:52:03', '2016-04-13 13:52:03'),
(480, 1, 'Halal if it is 100% from plant fat, Haraam if it is from pork fat', 'World of Islam', 'https://special.worldofislam.info/Food/numbers.html', '2016-04-13 13:52:03', '2016-04-13 13:52:03'),
(481, 1, 'Halal if it is 100% from plant fat, Haraam if it is from pork fat', 'World of Islam', 'https://special.worldofislam.info/Food/numbers.html', '2016-04-13 13:52:03', '2016-04-13 13:52:03'),
(482, 1, 'Halal if it is 100% from plant fat, Haraam if it is from pork fat', 'World of Islam', 'https://special.worldofislam.info/Food/numbers.html', '2016-04-13 13:52:03', '2016-04-13 13:52:03'),
(483, 1, 'Halal if it is 100% from plant fat, Haraam if it is from pork fat', 'World of Islam', 'https://special.worldofislam.info/Food/numbers.html', '2016-04-13 13:52:03', '2016-04-13 13:52:03'),
(484, 1, 'Halal if it is 100% from plant fat, Haraam if it is from pork fat', 'World of Islam', 'https://special.worldofislam.info/Food/numbers.html', '2016-04-13 13:52:03', '2016-04-13 13:52:03'),
(485, 0, 'Halal', 'World of Islam', 'https://special.worldofislam.info/Food/numbers.html', '2016-04-13 13:52:03', '2016-04-13 13:52:03'),
(486, 0, 'Halal', 'World of Islam', 'https://special.worldofislam.info/Food/numbers.html', '2016-04-13 13:52:03', '2016-04-13 13:52:03'),
(487, 0, 'Halal', 'World of Islam', 'https://special.worldofislam.info/Food/numbers.html', '2016-04-13 13:52:03', '2016-04-13 13:52:03'),
(488, 0, 'Halal', 'World of Islam', 'https://special.worldofislam.info/Food/numbers.html', '2016-04-13 13:52:03', '2016-04-13 13:52:03'),
(489, 0, 'Halal', 'World of Islam', 'https://special.worldofislam.info/Food/numbers.html', '2016-04-13 13:52:03', '2016-04-13 13:52:03'),
(490, 0, 'Halal', 'World of Islam', 'https://special.worldofislam.info/Food/numbers.html', '2016-04-13 13:52:03', '2016-04-13 13:52:03'),
(491, 0, 'Halal', 'World of Islam', 'https://special.worldofislam.info/Food/numbers.html', '2016-04-13 13:52:03', '2016-04-13 13:52:03'),
(492, 0, 'Halal', 'World of Islam', 'https://special.worldofislam.info/Food/numbers.html', '2016-04-13 13:52:03', '2016-04-13 13:52:03'),
(493, 0, 'Halal', 'World of Islam', 'https://special.worldofislam.info/Food/numbers.html', '2016-04-13 13:52:03', '2016-04-13 13:52:03'),
(494, 1, 'Mushbooh, Halal if it is from plant fat, Haraam if it is from porkl fat', 'World of Islam', 'https://special.worldofislam.info/Food/numbers.html', '2016-04-13 13:52:03', '2016-04-13 13:52:03'),
(495, 1, 'Mushbooh, Halal if it is from plant fat, Haraam if it is from porkl fat', 'World of Islam', 'https://special.worldofislam.info/Food/numbers.html', '2016-04-13 13:52:03', '2016-04-13 13:52:03'),
(496, 1, 'Mushbooh, Halal if it is from plant fat, Haraam if it is from porkl fat', 'World of Islam', 'https://special.worldofislam.info/Food/numbers.html', '2016-04-13 13:52:03', '2016-04-13 13:52:03'),
(497, 1, 'Mushbooh, Halal if it is from plant fat, Haraam if it is from pork fat', 'World of Islam', 'https://special.worldofislam.info/Food/numbers.html', '2016-04-13 13:52:03', '2016-04-13 13:52:03'),
(498, 1, 'Mushbooh, Halal if it is from plant fat, Haraam if it is from pork fat', 'World of Islam', 'https://special.worldofislam.info/Food/numbers.html', '2016-04-13 13:52:03', '2016-04-13 13:52:03'),
(499, 1, 'Mushbooh, Halal if it is from plant fat, Haraam if it is from pork fat', 'World of Islam', 'https://special.worldofislam.info/Food/numbers.html', '2016-04-13 13:52:03', '2016-04-13 13:52:03'),
(500, 1, 'Halal if it is 100% from plant fat, Haraam if it is from pork fat', 'World of Islam', 'https://special.worldofislam.info/Food/numbers.html', '2016-04-13 13:52:03', '2016-04-13 13:52:03'),
(501, 1, 'Mushbooh, Halal if it is from plant fat, Haraam if it is from pork fat', 'World of Islam', 'https://special.worldofislam.info/Food/numbers.html', '2016-04-13 13:52:03', '2016-04-13 13:52:03'),
(502, 1, 'Halal if it is 100% from plant fat, Haraam if it is from pork fat', 'World of Islam', 'https://special.worldofislam.info/Food/numbers.html', '2016-04-13 13:52:03', '2016-04-13 13:52:03'),
(503, 1, 'Mushbooh, Halal if it is from plant fat, Haraam if it is from pork fat', 'World of Islam', 'https://special.worldofislam.info/Food/numbers.html', '2016-04-13 13:52:03', '2016-04-13 13:52:03'),
(504, 1, 'Mushbooh, Halal if it is from plant fat, Haraam if it is from pork fat', 'World of Islam', 'https://special.worldofislam.info/Food/numbers.html', '2016-04-13 13:52:03', '2016-04-13 13:52:03'),
(505, 1, 'Mushbooh, Halal if it is from plant fat, Haraam if it is from pork fat', 'World of Islam', 'https://special.worldofislam.info/Food/numbers.html', '2016-04-13 13:52:03', '2016-04-13 13:52:03'),
(506, 1, 'Halal if it is 100% from plant fat, Haraam if it is from pork fat', 'World of Islam', 'https://special.worldofislam.info/Food/numbers.html', '2016-04-13 13:52:03', '2016-04-13 13:52:03'),
(507, 1, 'Halal if it is 100% from plant fat, Haraam if it is from pork fat', 'World of Islam', 'https://special.worldofislam.info/Food/numbers.html', '2016-04-13 13:52:03', '2016-04-13 13:52:03'),
(508, 1, 'Halal if it is 100% from plant fat, Haraam if it is from pork fat', 'World of Islam', 'https://special.worldofislam.info/Food/numbers.html', '2016-04-13 13:52:03', '2016-04-13 13:52:03'),
(509, 1, 'Halal if it is 100% from plant fat, Haraam if it is from pork fat', 'World of Islam', 'https://special.worldofislam.info/Food/numbers.html', '2016-04-13 13:52:03', '2016-04-13 13:52:03'),
(510, 1, 'Halal if it is 100% from plant fat, Haraam if it is from pork fat', 'World of Islam', 'https://special.worldofislam.info/Food/numbers.html', '2016-04-13 13:52:03', '2016-04-13 13:52:03'),
(511, 0, 'Halal', 'World of Islam', 'https://special.worldofislam.info/Food/numbers.html', '2016-04-13 13:52:03', '2016-04-13 13:52:03'),
(512, 0, 'Halal', 'World of Islam', 'https://special.worldofislam.info/Food/numbers.html', '2016-04-13 13:52:03', '2016-04-13 13:52:03'),
(513, 0, 'Halal', 'World of Islam', 'https://special.worldofislam.info/Food/numbers.html', '2016-04-13 13:52:03', '2016-04-13 13:52:03'),
(514, 0, 'Halal', 'World of Islam', 'https://special.worldofislam.info/Food/numbers.html', '2016-04-13 13:52:03', '2016-04-13 13:52:03'),
(515, 0, 'Halal', 'World of Islam', 'https://special.worldofislam.info/Food/numbers.html', '2016-04-13 13:52:03', '2016-04-13 13:52:03'),
(516, 0, 'Halal', 'World of Islam', 'https://special.worldofislam.info/Food/numbers.html', '2016-04-13 13:52:03', '2016-04-13 13:52:03'),
(517, 0, 'Halal', 'World of Islam', 'https://special.worldofislam.info/Food/numbers.html', '2016-04-13 13:52:03', '2016-04-13 13:52:03'),
(518, 0, 'Halal', 'World of Islam', 'https://special.worldofislam.info/Food/numbers.html', '2016-04-13 13:52:03', '2016-04-13 13:52:03'),
(519, 0, 'Halal', 'World of Islam', 'https://special.worldofislam.info/Food/numbers.html', '2016-04-13 13:52:03', '2016-04-13 13:52:03'),
(520, 0, 'Halal', 'World of Islam', 'https://special.worldofislam.info/Food/numbers.html', '2016-04-13 13:52:03', '2016-04-13 13:52:03'),
(521, 0, 'Halal', 'World of Islam', 'https://special.worldofislam.info/Food/numbers.html', '2016-04-13 13:52:03', '2016-04-13 13:52:03'),
(522, 0, 'Halal', 'World of Islam', 'https://special.worldofislam.info/Food/numbers.html', '2016-04-13 13:52:03', '2016-04-13 13:52:03'),
(523, 0, 'Halal', 'World of Islam', 'https://special.worldofislam.info/Food/numbers.html', '2016-04-13 13:52:03', '2016-04-13 13:52:03'),
(524, 0, 'Halal', 'World of Islam', 'https://special.worldofislam.info/Food/numbers.html', '2016-04-13 13:52:03', '2016-04-13 13:52:03'),
(525, 0, 'Halal', 'World of Islam', 'https://special.worldofislam.info/Food/numbers.html', '2016-04-13 13:52:03', '2016-04-13 13:52:03'),
(526, 0, 'Halal', 'World of Islam', 'https://special.worldofislam.info/Food/numbers.html', '2016-04-13 13:52:03', '2016-04-13 13:52:03'),
(527, 0, 'Halal', 'World of Islam', 'https://special.worldofislam.info/Food/numbers.html', '2016-04-13 13:52:03', '2016-04-13 13:52:03'),
(528, 0, 'Halal', 'World of Islam', 'https://special.worldofislam.info/Food/numbers.html', '2016-04-13 13:52:03', '2016-04-13 13:52:03'),
(529, 0, 'Halal', 'World of Islam', 'https://special.worldofislam.info/Food/numbers.html', '2016-04-13 13:52:03', '2016-04-13 13:52:03'),
(530, 0, 'Halal', 'World of Islam', 'https://special.worldofislam.info/Food/numbers.html', '2016-04-13 13:52:03', '2016-04-13 13:52:03'),
(531, 0, 'Halal', 'World of Islam', 'https://special.worldofislam.info/Food/numbers.html', '2016-04-13 13:52:03', '2016-04-13 13:52:03'),
(532, 0, 'Halal', 'World of Islam', 'https://special.worldofislam.info/Food/numbers.html', '2016-04-13 13:52:03', '2016-04-13 13:52:03'),
(533, 0, 'Halal', 'World of Islam', 'https://special.worldofislam.info/Food/numbers.html', '2016-04-13 13:52:03', '2016-04-13 13:52:03'),
(534, 0, 'Halal', 'World of Islam', 'https://special.worldofislam.info/Food/numbers.html', '2016-04-13 13:52:03', '2016-04-13 13:52:03'),
(535, 2, 'Haraam if the bones from pig', 'World of Islam', 'https://special.worldofislam.info/Food/numbers.html', '2016-04-13 13:52:03', '2016-04-13 13:52:03'),
(536, 1, 'Mushbooh, Halal if it is from minerals, Haraam if it is from pig bones', 'World of Islam', 'https://special.worldofislam.info/Food/numbers.html', '2016-04-13 13:52:03', '2016-04-13 13:52:03'),
(537, 0, 'Halal', 'World of Islam', 'https://special.worldofislam.info/Food/numbers.html', '2016-04-13 13:52:03', '2016-04-13 13:52:03'),
(538, 0, 'Halal', 'World of Islam', 'https://special.worldofislam.info/Food/numbers.html', '2016-04-13 13:52:03', '2016-04-13 13:52:03'),
(539, 0, 'Halal', 'World of Islam', 'https://special.worldofislam.info/Food/numbers.html', '2016-04-13 13:52:03', '2016-04-13 13:52:03'),
(540, 0, 'Halal', 'World of Islam', 'https://special.worldofislam.info/Food/numbers.html', '2016-04-13 13:52:03', '2016-04-13 13:52:03'),
(541, 0, 'Halal', 'World of Islam', 'https://special.worldofislam.info/Food/numbers.html', '2016-04-13 13:52:03', '2016-04-13 13:52:03'),
(542, 1, 'Mushbooh, Halal if calcium from mineral rocks, Haraam if calcium from pig bones', 'World of Islam', 'https://special.worldofislam.info/Food/numbers.html', '2016-04-13 13:52:03', '2016-04-13 13:52:03'),
(543, 0, 'Halal', 'World of Islam', 'https://special.worldofislam.info/Food/numbers.html', '2016-04-13 13:52:03', '2016-04-13 13:52:03'),
(544, 0, 'Halal', 'World of Islam', 'https://special.worldofislam.info/Food/numbers.html', '2016-04-13 13:52:03', '2016-04-13 13:52:03'),
(545, 1, 'Mushbooh, Halal if the source is from plant fat, Haraam if it is from pork fat', 'World of Islam', 'https://special.worldofislam.info/Food/numbers.html', '2016-04-13 13:52:03', '2016-04-13 13:52:03'),
(546, 1, 'Mushbooh, Halal if the source is from plant fat, Haraam if it is from pork fat', 'World of Islam', 'https://special.worldofislam.info/Food/numbers.html', '2016-04-13 13:52:03', '2016-04-13 13:52:03'),
(547, 0, 'Halal', 'World of Islam', 'https://special.worldofislam.info/Food/numbers.html', '2016-04-13 13:52:03', '2016-04-13 13:52:03'),
(548, 0, 'Halal', 'World of Islam', 'https://special.worldofislam.info/Food/numbers.html', '2016-04-13 13:52:03', '2016-04-13 13:52:03'),
(549, 0, 'Halal', 'World of Islam', 'https://special.worldofislam.info/Food/numbers.html', '2016-04-13 13:52:03', '2016-04-13 13:52:03'),
(550, 0, 'Halal', 'World of Islam', 'https://special.worldofislam.info/Food/numbers.html', '2016-04-13 13:52:03', '2016-04-13 13:52:03'),
(551, 1, 'Mushbooh, Halal if it is from plant protein, Haraam if it is from pig protein', 'World of Islam', 'https://special.worldofislam.info/Food/numbers.html', '2016-04-13 13:52:03', '2016-04-13 13:52:03'),
(552, 1, 'Mushbooh, Halal if all ingredients including culture media to grow culture from Halal source, Haraam if media is from pork fat', 'World of Islam', 'https://special.worldofislam.info/Food/numbers.html', '2016-04-13 13:52:03', '2016-04-13 13:52:03'),
(553, 1, 'Mushbooh, Halal if all ingredients including culture media to grow culture from Halal source, Haraam if media is from pork fat', 'World of Islam', 'https://special.worldofislam.info/Food/numbers.html', '2016-04-13 13:52:03', '2016-04-13 13:52:03'),
(554, 1, 'Mushbooh, Halal if all ingredients including culture media to grow culture from Halal source, Haraam if media is from pork fat', 'World of Islam', 'https://special.worldofislam.info/Food/numbers.html', '2016-04-13 13:52:03', '2016-04-13 13:52:03'),
(555, 1, 'Halal if it is obtained from sardines or bakers yeast extract. Mushbooh if it is made from brewer yeast extract, a by-product of beer making', 'World of Islam', 'https://special.worldofislam.info/Food/numbers.html', '2016-04-13 13:52:03', '2016-04-13 13:52:03'),
(556, 1, 'Halal if it is obtained from sardines. Mushbooh if it is made from brewer yeast extract, a by-product of beer making. Haraam if it is extracted from pig meat.', 'World of Islam', 'https://special.worldofislam.info/Food/numbers.html', '2016-04-13 13:52:03', '2016-04-13 13:52:03'),
(557, 1, 'Mushbooh, it is a combination of E N 627 and EN 631', 'World of Islam', 'https://special.worldofislam.info/Food/numbers.html', '2016-04-13 13:52:03', '2016-04-13 13:52:03'),
(558, 0, 'Halal', 'World of Islam', 'https://special.worldofislam.info/Food/numbers.html', '2016-04-13 13:52:03', '2016-04-13 13:52:03'),
(559, 0, 'Halal', 'World of Islam', 'https://special.worldofislam.info/Food/numbers.html', '2016-04-13 13:52:03', '2016-04-13 13:52:03'),
(560, 0, 'Halal', 'World of Islam', 'https://special.worldofislam.info/Food/numbers.html', '2016-04-13 13:52:03', '2016-04-13 13:52:03'),
(561, 0, 'Halal', 'World of Islam', 'https://special.worldofislam.info/Food/numbers.html', '2016-04-13 13:52:03', '2016-04-13 13:52:03'),
(562, 0, 'Halal', 'World of Islam', 'https://special.worldofislam.info/Food/numbers.html', '2016-04-13 13:52:03', '2016-04-13 13:52:03'),
(563, 0, 'Halal if no if it is not treated with alcohol, two types of shellac is available, the Halal type is not treated with alcohol but other type is treated with alcohol. A gummy secretion material from the pores of a insect Coccus lacca that feed on Palas trees in India and South Asia. This gummy material is called Lac. Manufactured by Indian companies.', 'World of Islam', 'https://special.worldofislam.info/Food/numbers.html', '2016-04-13 13:52:03', '2016-04-13 13:52:03'),
(564, 0, 'Halal', 'World of Islam', 'https://special.worldofislam.info/Food/numbers.html', '2016-04-13 13:52:03', '2016-04-13 13:52:03'),
(565, 1, 'Mushbooh, Halal if obtained from plant fat wax. Haraam if it is obtained from pork fat wax', 'World of Islam', 'https://special.worldofislam.info/Food/numbers.html', '2016-04-13 13:52:03', '2016-04-13 13:52:03'),
(566, 1, 'Mushbooh, Haraam if it is obtained from human hair, Halal if it is made from Halal synthetic material. The third source is from chicken/duck feathers. There is difference of opinions among different Islamic scholars. One school of ulema says it is Halal the other says not Halal.', 'World of Islam', 'https://special.worldofislam.info/Food/numbers.html', '2016-04-13 13:52:03', '2016-04-13 13:52:03'),
(567, 0, 'Halal', 'World of Islam', 'https://special.worldofislam.info/Food/numbers.html', '2016-04-13 13:52:03', '2016-04-13 13:52:03'),
(568, 0, 'Halal', 'World of Islam', 'https://special.worldofislam.info/Food/numbers.html', '2016-04-13 13:52:03', '2016-04-13 13:52:03'),
(569, 0, 'Halal', 'World of Islam', 'https://special.worldofislam.info/Food/numbers.html', '2016-04-13 13:52:03', '2016-04-13 13:52:03'),
(570, 0, 'Halal', 'World of Islam', 'https://special.worldofislam.info/Food/numbers.html', '2016-04-13 13:52:03', '2016-04-13 13:52:03');

-- --------------------------------------------------------

--
-- Table structure for table `ingredients`
--

CREATE TABLE `ingredients` (
  `id` int(10) UNSIGNED NOT NULL,
  `iName` varchar(255) COLLATE utf8_unicode_ci NOT NULL,
  `iType` int(11) NOT NULL DEFAULT '0',
  `eNumber` varchar(255) COLLATE utf8_unicode_ci DEFAULT NULL,
  `created_at` timestamp NOT NULL DEFAULT '0000-00-00 00:00:00',
  `updated_at` timestamp NOT NULL DEFAULT '0000-00-00 00:00:00'
) ENGINE=InnoDB DEFAULT CHARSET=utf8 COLLATE=utf8_unicode_ci;

--
-- Dumping data for table `ingredients`
--

INSERT INTO `ingredients` (`id`, `iName`, `iType`, `eNumber`, `created_at`, `updated_at`) VALUES
(2, 'Riboflavin', 1, 'E101', '2016-04-13 13:52:02', '2016-04-13 13:52:02'),
(3, 'Tartrazine', 1, 'E102', '2016-04-13 13:52:02', '2016-04-13 13:52:02'),
(4, 'Chrysoidine', 1, 'E103', '2016-04-13 13:52:02', '2016-04-13 13:52:02'),
(5, 'Quinoline Yellow WS', 1, 'E104', '2016-04-13 13:52:02', '2016-04-13 13:52:02'),
(6, 'Fast yellow AB', 1, 'E105', '2016-04-13 13:52:02', '2016-04-13 13:52:02'),
(7, 'Yellow 2G', 1, 'E107', '2016-04-13 13:52:02', '2016-04-13 13:52:02'),
(8, 'Sunset Yellow FCF', 1, 'E110', '2016-04-13 13:52:02', '2016-04-13 13:52:02'),
(9, 'Amylase', 1, 'E1100', '2016-04-13 13:52:02', '2016-04-13 13:52:02'),
(10, 'Protease', 1, 'E1101', '2016-04-13 13:52:02', '2016-04-13 13:52:02'),
(11, 'Invertase', 1, 'E1103', '2016-04-13 13:52:02', '2016-04-13 13:52:02'),
(12, 'Lysozyme', 1, 'E1105', '2016-04-13 13:52:02', '2016-04-13 13:52:02'),
(13, 'Carminic acid', 1, 'E120', '2016-04-13 13:52:02', '2016-04-13 13:52:02'),
(14, 'Polydextrose', 1, 'E1200', '2016-04-13 13:52:02', '2016-04-13 13:52:02'),
(15, 'Polyvinylpyrrolidone', 1, 'E1201', '2016-04-13 13:52:02', '2016-04-13 13:52:02'),
(16, 'Azorubine', 1, 'E122', '2016-04-13 13:52:02', '2016-04-13 13:52:02'),
(17, 'Amaranth (dye)', 1, 'E123', '2016-04-13 13:52:02', '2016-04-13 13:52:02'),
(18, 'Ponceau 4R', 1, 'E124', '2016-04-13 13:52:02', '2016-04-13 13:52:02'),
(19, 'Erythrosine', 1, 'E127', '2016-04-13 13:52:02', '2016-04-13 13:52:02'),
(20, 'Red 2G', 1, 'E128', '2016-04-13 13:52:02', '2016-04-13 13:52:02'),
(21, 'Allura Red AC', 1, 'E129', '2016-04-13 13:52:02', '2016-04-13 13:52:02'),
(22, 'Patent Blue V', 1, 'E131', '2016-04-13 13:52:02', '2016-04-13 13:52:02'),
(23, 'Indigo carmine', 1, 'E132', '2016-04-13 13:52:02', '2016-04-13 13:52:02'),
(24, 'Brilliant Blue FCF', 1, 'E133', '2016-04-13 13:52:02', '2016-04-13 13:52:02'),
(25, 'Chlorophyll a', 1, 'E140', '2016-04-13 13:52:02', '2016-04-13 13:52:02'),
(26, 'Dextrin', 1, 'E1400', '2016-04-13 13:52:02', '2016-04-13 13:52:02'),
(27, 'Modified starch', 1, 'E1401', '2016-04-13 13:52:02', '2016-04-13 13:52:02'),
(28, 'Oxidized Starch', 1, 'E1404', '2016-04-13 13:52:02', '2016-04-13 13:52:02'),
(29, 'Chlorophyllin', 1, 'E141', '2016-04-13 13:52:02', '2016-04-13 13:52:02'),
(30, 'Mono starch Phosphate', 1, 'E1410', '2016-04-13 13:52:02', '2016-04-13 13:52:02'),
(31, 'Distarch phosphate', 1, 'E1412', '2016-04-13 13:52:02', '2016-04-13 13:52:02'),
(32, 'Phosphated distarch phosphate', 1, 'E1413', '2016-04-13 13:52:02', '2016-04-13 13:52:02'),
(33, 'Green S', 1, 'E142', '2016-04-13 13:52:02', '2016-04-13 13:52:02'),
(34, 'Acetylated Starch', 1, 'E1420', '2016-04-13 13:52:02', '2016-04-13 13:52:02'),
(35, 'Acetylated distarch adipate', 1, 'E1422', '2016-04-13 13:52:02', '2016-04-13 13:52:02'),
(36, 'Hydroxypropyl distarch phosphate', 1, 'E1442', '2016-04-13 13:52:02', '2016-04-13 13:52:02'),
(37, 'Starch Sodium Octenyl Succinate', 1, 'E1450', '2016-04-13 13:52:02', '2016-04-13 13:52:02'),
(38, 'Acetylated Oxidized Starch', 1, 'E1451', '2016-04-13 13:52:02', '2016-04-13 13:52:02'),
(39, 'Caramel color', 1, 'E150', '2016-04-13 13:52:02', '2016-04-13 13:52:02'),
(40, 'Triethyl citrate', 1, 'E1505', '2016-04-13 13:52:02', '2016-04-13 13:52:02'),
(41, 'Brilliant Black BN', 1, 'E151', '2016-04-13 13:52:02', '2016-04-13 13:52:02'),
(42, 'Triacetin', 1, 'E1518', '2016-04-13 13:52:02', '2016-04-13 13:52:02'),
(43, 'Propylene glycol', 1, 'E1520', '2016-04-13 13:52:02', '2016-04-13 13:52:02'),
(44, 'Black carbon', 1, 'E153', '2016-04-13 13:52:02', '2016-04-13 13:52:02'),
(45, 'Brown FK', 1, 'E154', '2016-04-13 13:52:02', '2016-04-13 13:52:02'),
(46, 'Brown HT', 1, 'E155', '2016-04-13 13:52:02', '2016-04-13 13:52:02'),
(47, 'Beta carotene', 1, 'E160a', '2016-04-13 13:52:02', '2016-04-13 13:52:02'),
(48, 'Annatto', 1, 'E160b', '2016-04-13 13:52:02', '2016-04-13 13:52:02'),
(49, 'Capsanthin', 1, 'E160c', '2016-04-13 13:52:02', '2016-04-13 13:52:02'),
(50, 'Lycopene', 1, 'E160d', '2016-04-13 13:52:02', '2016-04-13 13:52:02'),
(51, 'Apocarotenal', 1, 'E160e', '2016-04-13 13:52:02', '2016-04-13 13:52:02'),
(52, 'Food orange 7', 1, 'E160f', '2016-04-13 13:52:02', '2016-04-13 13:52:02'),
(53, 'Flavoxanthin', 1, 'E161a', '2016-04-13 13:52:02', '2016-04-13 13:52:02'),
(54, 'Lutein', 1, 'E161b', '2016-04-13 13:52:02', '2016-04-13 13:52:02'),
(55, 'Cryptoxanthin', 1, 'E161c', '2016-04-13 13:52:02', '2016-04-13 13:52:02'),
(56, 'Rubixanthin', 1, 'E161d', '2016-04-13 13:52:02', '2016-04-13 13:52:02'),
(57, 'Violaxanthin', 1, 'E161e', '2016-04-13 13:52:02', '2016-04-13 13:52:02'),
(58, 'Rhodoxanthin', 1, 'E161f', '2016-04-13 13:52:02', '2016-04-13 13:52:02'),
(59, 'Canthaxanthin', 1, 'E161g', '2016-04-13 13:52:02', '2016-04-13 13:52:02'),
(60, 'Betanin', 1, 'E162', '2016-04-13 13:52:02', '2016-04-13 13:52:02'),
(61, 'Anthocyanin', 1, 'E163', '2016-04-13 13:52:02', '2016-04-13 13:52:02'),
(62, 'Calcium carbonate', 1, 'E170', '2016-04-13 13:52:02', '2016-04-13 13:52:02'),
(63, 'Titanium dioxide', 1, 'E171', '2016-04-13 13:52:02', '2016-04-13 13:52:02'),
(64, 'Iron oxide', 1, 'E172', '2016-04-13 13:52:02', '2016-04-13 13:52:02'),
(65, 'Aluminium', 1, 'E173', '2016-04-13 13:52:02', '2016-04-13 13:52:02'),
(66, 'Silver', 1, 'E174', '2016-04-13 13:52:02', '2016-04-13 13:52:02'),
(67, 'Gold', 1, 'E175', '2016-04-13 13:52:02', '2016-04-13 13:52:02'),
(68, 'Lithol rubine BK', 1, 'E180', '2016-04-13 13:52:02', '2016-04-13 13:52:02'),
(69, 'Sorbic acid', 1, 'E200', '2016-04-13 13:52:02', '2016-04-13 13:52:02'),
(70, 'Sodium sorbate', 1, 'E201', '2016-04-13 13:52:02', '2016-04-13 13:52:02'),
(71, 'Potassium sorbate', 1, 'E202', '2016-04-13 13:52:02', '2016-04-13 13:52:02'),
(72, 'Calcium sorbate', 1, 'E203', '2016-04-13 13:52:02', '2016-04-13 13:52:02'),
(73, 'Benzoic acid', 1, 'E210', '2016-04-13 13:52:02', '2016-04-13 13:52:02'),
(74, 'Sodium benzoate', 1, 'E211', '2016-04-13 13:52:02', '2016-04-13 13:52:02'),
(75, 'Potassium benzoate', 1, 'E212', '2016-04-13 13:52:02', '2016-04-13 13:52:02'),
(76, 'Calcium benzoate', 1, 'E213', '2016-04-13 13:52:02', '2016-04-13 13:52:02'),
(77, 'Ethylparaben', 1, 'E214', '2016-04-13 13:52:02', '2016-04-13 13:52:02'),
(78, 'Ethylparaben', 1, 'E215', '2016-04-13 13:52:02', '2016-04-13 13:52:02'),
(79, 'Propylparaben', 1, 'E216', '2016-04-13 13:52:02', '2016-04-13 13:52:02'),
(80, 'Propylparaben', 1, 'E217', '2016-04-13 13:52:02', '2016-04-13 13:52:02'),
(81, 'Methylparaben', 1, 'E218', '2016-04-13 13:52:02', '2016-04-13 13:52:02'),
(82, 'Sodium methylparaben', 1, 'E219', '2016-04-13 13:52:02', '2016-04-13 13:52:02'),
(83, 'Sulphur dioxide', 1, 'E220', '2016-04-13 13:52:02', '2016-04-13 13:52:02'),
(84, 'Sodium sulphite', 1, 'E221', '2016-04-13 13:52:02', '2016-04-13 13:52:02'),
(85, 'Sodium bisulfite', 1, 'E222', '2016-04-13 13:52:02', '2016-04-13 13:52:02'),
(86, 'Sodium metabisulphite', 1, 'E223', '2016-04-13 13:52:02', '2016-04-13 13:52:02'),
(87, 'Potassium metabisulphite', 1, 'E224', '2016-04-13 13:52:02', '2016-04-13 13:52:02'),
(88, 'Calcium sulfite', 1, 'E226', '2016-04-13 13:52:02', '2016-04-13 13:52:02'),
(89, 'Calcium bisulfite', 1, 'E227', '2016-04-13 13:52:02', '2016-04-13 13:52:02'),
(90, 'Potassium bisulfite', 1, 'E228', '2016-04-13 13:52:02', '2016-04-13 13:52:02'),
(91, 'Biphenyl', 1, 'E230', '2016-04-13 13:52:02', '2016-04-13 13:52:02'),
(92, '2-Phenylphenol', 1, 'E231', '2016-04-13 13:52:02', '2016-04-13 13:52:02'),
(93, 'Sodium orthophenyl phenol', 1, 'E232', '2016-04-13 13:52:02', '2016-04-13 13:52:02'),
(94, 'Tiabendazole', 1, 'E233', '2016-04-13 13:52:02', '2016-04-13 13:52:02'),
(95, 'Nisin', 1, 'E234', '2016-04-13 13:52:02', '2016-04-13 13:52:02'),
(96, 'Natamycin', 1, 'E235', '2016-04-13 13:52:02', '2016-04-13 13:52:02'),
(97, 'Hexamine', 1, 'E239', '2016-04-13 13:52:02', '2016-04-13 13:52:02'),
(98, 'Dimethyl dicarbonate', 1, 'E242', '2016-04-13 13:52:02', '2016-04-13 13:52:02'),
(99, 'Potassium nitrate', 1, 'E249', '2016-04-13 13:52:02', '2016-04-13 13:52:02'),
(100, 'Sodium nitrite', 1, 'E250', '2016-04-13 13:52:02', '2016-04-13 13:52:02'),
(101, 'Sodium nitrate', 1, 'E251', '2016-04-13 13:52:02', '2016-04-13 13:52:02'),
(102, 'Potassium nitrate', 1, 'E252', '2016-04-13 13:52:02', '2016-04-13 13:52:02'),
(103, 'Acetic acid', 1, 'E260', '2016-04-13 13:52:02', '2016-04-13 13:52:02'),
(104, 'Potassium acetate', 1, 'E261', '2016-04-13 13:52:02', '2016-04-13 13:52:02'),
(105, 'Sodium acetate', 1, 'E262', '2016-04-13 13:52:02', '2016-04-13 13:52:02'),
(106, 'Calcium acetate', 1, 'E263', '2016-04-13 13:52:02', '2016-04-13 13:52:02'),
(107, 'Lactic acid', 1, 'E270', '2016-04-13 13:52:02', '2016-04-13 13:52:02'),
(108, 'Propionic acid', 1, 'E280', '2016-04-13 13:52:02', '2016-04-13 13:52:02'),
(109, 'Sodium propionate', 1, 'E281', '2016-04-13 13:52:02', '2016-04-13 13:52:02'),
(110, 'Calcium propanoate', 1, 'E282', '2016-04-13 13:52:02', '2016-04-13 13:52:02'),
(111, 'Potassium propanoate', 1, 'E283', '2016-04-13 13:52:02', '2016-04-13 13:52:02'),
(112, 'Boric acid', 1, 'E284', '2016-04-13 13:52:02', '2016-04-13 13:52:02'),
(113, 'Borax', 1, 'E285', '2016-04-13 13:52:02', '2016-04-13 13:52:02'),
(114, 'Carbon dioxide', 1, 'E290', '2016-04-13 13:52:02', '2016-04-13 13:52:02'),
(115, 'Malic acid', 1, 'E296', '2016-04-13 13:52:02', '2016-04-13 13:52:02'),
(116, 'Fumaric acid', 1, 'E297', '2016-04-13 13:52:02', '2016-04-13 13:52:02'),
(117, 'Ascorbic acid', 1, 'E300', '2016-04-13 13:52:02', '2016-04-13 13:52:02'),
(118, 'Sodium ascorbate', 1, 'E301', '2016-04-13 13:52:02', '2016-04-13 13:52:02'),
(119, 'Calcium ascorbate', 1, 'E302', '2016-04-13 13:52:02', '2016-04-13 13:52:02'),
(120, 'Ascorbyl palmitate', 1, 'E304', '2016-04-13 13:52:02', '2016-04-13 13:52:02'),
(121, 'Tocopherol', 1, 'E306', '2016-04-13 13:52:02', '2016-04-13 13:52:02'),
(122, 'Tocopherol', 1, 'E307', '2016-04-13 13:52:02', '2016-04-13 13:52:02'),
(123, 'Gamma-Tocopherol', 1, 'E308', '2016-04-13 13:52:02', '2016-04-13 13:52:02'),
(124, 'Delta-Tocopherol', 1, 'E309', '2016-04-13 13:52:02', '2016-04-13 13:52:02'),
(125, 'Propyl gallate', 1, 'E310', '2016-04-13 13:52:02', '2016-04-13 13:52:02'),
(126, 'Octyl gallate', 1, 'E311', '2016-04-13 13:52:02', '2016-04-13 13:52:02'),
(127, 'Dodecyl gallate', 1, 'E312', '2016-04-13 13:52:02', '2016-04-13 13:52:02'),
(128, 'Erythorbic acid', 1, 'E315', '2016-04-13 13:52:02', '2016-04-13 13:52:02'),
(129, 'Sodium erythorbate', 1, 'E316', '2016-04-13 13:52:02', '2016-04-13 13:52:02'),
(130, 'Tert-Butylhydroquinone', 1, 'E319', '2016-04-13 13:52:02', '2016-04-13 13:52:02'),
(131, 'Butylated hydroxyanisole', 1, 'E320', '2016-04-13 13:52:02', '2016-04-13 13:52:02'),
(132, 'Butylated hydroxytoluene', 1, 'E321', '2016-04-13 13:52:02', '2016-04-13 13:52:02'),
(133, 'Lecithin', 1, 'E322', '2016-04-13 13:52:02', '2016-04-13 13:52:02'),
(134, 'Sodium lactate', 1, 'E325', '2016-04-13 13:52:02', '2016-04-13 13:52:02'),
(135, 'Potassium lactate', 1, 'E326', '2016-04-13 13:52:02', '2016-04-13 13:52:02'),
(136, 'Calcium lactate', 1, 'E327', '2016-04-13 13:52:02', '2016-04-13 13:52:02'),
(137, 'Citric acid', 1, 'E330', '2016-04-13 13:52:02', '2016-04-13 13:52:02'),
(138, 'Sodium citrate', 1, 'E331', '2016-04-13 13:52:02', '2016-04-13 13:52:02'),
(139, 'Potassium citrate', 1, 'E332', '2016-04-13 13:52:02', '2016-04-13 13:52:02'),
(140, 'Calcium citrate', 1, 'E333', '2016-04-13 13:52:02', '2016-04-13 13:52:02'),
(141, 'Tartaric acid', 1, 'E334', '2016-04-13 13:52:02', '2016-04-13 13:52:02'),
(142, 'Sodium tartrate', 1, 'E335', '2016-04-13 13:52:02', '2016-04-13 13:52:02'),
(143, 'Potassium tartrate', 1, 'E336', '2016-04-13 13:52:02', '2016-04-13 13:52:02'),
(144, 'Potassium sodium tartrate', 1, 'E337', '2016-04-13 13:52:02', '2016-04-13 13:52:02'),
(145, 'Phosphoric acid', 1, 'E338', '2016-04-13 13:52:02', '2016-04-13 13:52:02'),
(146, 'Trisodium phosphate', 1, 'E339', '2016-04-13 13:52:02', '2016-04-13 13:52:02'),
(147, 'Potassium phosphate', 1, 'E340', '2016-04-13 13:52:02', '2016-04-13 13:52:02'),
(148, 'Calcium phosphate', 1, 'E341', '2016-04-13 13:52:02', '2016-04-13 13:52:02'),
(149, 'Magnesium phosphate', 1, 'E343', '2016-04-13 13:52:02', '2016-04-13 13:52:02'),
(150, 'Sodium malate', 1, 'E350', '2016-04-13 13:52:02', '2016-04-13 13:52:02'),
(151, 'Potassium malate', 1, 'E351', '2016-04-13 13:52:02', '2016-04-13 13:52:02'),
(152, 'Calcium malate', 1, 'E352', '2016-04-13 13:52:02', '2016-04-13 13:52:02'),
(153, 'Metataric Acid', 1, 'E353', '2016-04-13 13:52:02', '2016-04-13 13:52:02'),
(154, 'Calcium tartrate', 1, 'E354', '2016-04-13 13:52:02', '2016-04-13 13:52:02'),
(155, 'Adipic acid', 1, 'E355', '2016-04-13 13:52:02', '2016-04-13 13:52:02'),
(156, 'Sodium adipate', 1, 'E356', '2016-04-13 13:52:02', '2016-04-13 13:52:02'),
(157, 'Potassium adipate', 1, 'E357', '2016-04-13 13:52:02', '2016-04-13 13:52:02'),
(158, 'Succinic acid', 1, 'E363', '2016-04-13 13:52:02', '2016-04-13 13:52:02'),
(159, 'Gamma-Butyrolactone', 1, 'E370', '2016-04-13 13:52:02', '2016-04-13 13:52:02'),
(160, 'Niacin', 1, 'E375', '2016-04-13 13:52:02', '2016-04-13 13:52:02'),
(161, 'Triammonium Citrate', 1, 'E380', '2016-04-13 13:52:02', '2016-04-13 13:52:02'),
(162, 'Ammonium ferric citrate', 1, 'E381', '2016-04-13 13:52:02', '2016-04-13 13:52:02'),
(163, 'Ethylenediaminetetraacetic acid', 1, 'E385', '2016-04-13 13:52:02', '2016-04-13 13:52:02'),
(164, 'Alginic acid', 1, 'E400', '2016-04-13 13:52:02', '2016-04-13 13:52:02'),
(165, 'Alginic acid', 1, 'E401', '2016-04-13 13:52:02', '2016-04-13 13:52:02'),
(166, 'Potassium alginate', 1, 'E402', '2016-04-13 13:52:02', '2016-04-13 13:52:02'),
(167, 'Ammonium Alginate', 1, 'E403', '2016-04-13 13:52:02', '2016-04-13 13:52:02'),
(168, 'Calcium alginate', 1, 'E404', '2016-04-13 13:52:02', '2016-04-13 13:52:02'),
(169, 'Propylene glycol alginate', 1, 'E405', '2016-04-13 13:52:02', '2016-04-13 13:52:02'),
(170, 'Agar-agar', 1, 'E406', '2016-04-13 13:52:02', '2016-04-13 13:52:02'),
(171, 'Carrageenan', 1, 'E407', '2016-04-13 13:52:02', '2016-04-13 13:52:02'),
(172, 'Locust bean gum', 1, 'E410', '2016-04-13 13:52:02', '2016-04-13 13:52:02'),
(173, 'Guar gum', 1, 'E412', '2016-04-13 13:52:02', '2016-04-13 13:52:02'),
(174, 'Tragacanth', 1, 'E413', '2016-04-13 13:52:02', '2016-04-13 13:52:02'),
(175, 'Gum arabic', 1, 'E414', '2016-04-13 13:52:02', '2016-04-13 13:52:02'),
(176, 'Xanthan gum', 1, 'E415', '2016-04-13 13:52:02', '2016-04-13 13:52:02'),
(177, 'Gum karaya', 1, 'E416', '2016-04-13 13:52:02', '2016-04-13 13:52:02'),
(178, 'Tara gum', 1, 'E417', '2016-04-13 13:52:02', '2016-04-13 13:52:02'),
(179, 'Gellan gum', 1, 'E418', '2016-04-13 13:52:02', '2016-04-13 13:52:02'),
(180, 'Sorbitol', 1, 'E420', '2016-04-13 13:52:02', '2016-04-13 13:52:02'),
(181, 'Mannitol', 1, 'E421', '2016-04-13 13:52:02', '2016-04-13 13:52:02'),
(182, 'Glycerol', 1, 'E422', '2016-04-13 13:52:02', '2016-04-13 13:52:02'),
(183, 'Konjac', 1, 'E425', '2016-04-13 13:52:02', '2016-04-13 13:52:02'),
(184, 'Polyoxyethane (8) Stearate', 1, 'E430', '2016-04-13 13:52:02', '2016-04-13 13:52:02'),
(185, 'Polyoxyethane (40) Stearate', 1, 'E431', '2016-04-13 13:52:02', '2016-04-13 13:52:02'),
(186, 'Polysorbate 20', 1, 'E432', '2016-04-13 13:52:02', '2016-04-13 13:52:02'),
(187, 'Polysorbate 80', 1, 'E433', '2016-04-13 13:52:02', '2016-04-13 13:52:02'),
(188, 'Polysorbate 40', 1, 'E434', '2016-04-13 13:52:02', '2016-04-13 13:52:02'),
(189, 'Polysorbate 60', 1, 'E435', '2016-04-13 13:52:02', '2016-04-13 13:52:02'),
(190, 'Polysorbate 65', 1, 'E436', '2016-04-13 13:52:02', '2016-04-13 13:52:02'),
(191, 'Pectin', 1, 'E440a', '2016-04-13 13:52:02', '2016-04-13 13:52:02'),
(192, 'Amidated Pectin', 1, 'E440b', '2016-04-13 13:52:02', '2016-04-13 13:52:02'),
(193, 'Gelatin', 1, 'E441', '2016-04-13 13:52:02', '2016-04-13 13:52:02'),
(194, 'Ammonium phosphatides', 1, 'E442', '2016-04-13 13:52:02', '2016-04-13 13:52:02'),
(195, 'Sucrose acetate isobutyrate', 1, 'E444', '2016-04-13 13:52:02', '2016-04-13 13:52:02'),
(196, 'Glycerol esters of wood rosins', 1, 'E445', '2016-04-13 13:52:02', '2016-04-13 13:52:02'),
(197, 'Pyrophosphate', 1, 'E450', '2016-04-13 13:52:02', '2016-04-13 13:52:02'),
(198, 'Sodium triphosphate', 1, 'E451', '2016-04-13 13:52:02', '2016-04-13 13:52:02'),
(199, 'Polyphosphate', 1, 'E452', '2016-04-13 13:52:02', '2016-04-13 13:52:02'),
(200, 'Beta-cyclodextrin', 1, 'E459', '2016-04-13 13:52:02', '2016-04-13 13:52:02'),
(201, 'Cellulose', 1, 'E460', '2016-04-13 13:52:02', '2016-04-13 13:52:02'),
(202, 'Methylcellulose', 1, 'E461', '2016-04-13 13:52:02', '2016-04-13 13:52:02'),
(203, 'Hydroxypropylcellulose', 1, 'E463', '2016-04-13 13:52:02', '2016-04-13 13:52:02'),
(204, 'Hydroxypropyl methylcellulose', 1, 'E464', '2016-04-13 13:52:02', '2016-04-13 13:52:02'),
(205, 'Ethyl methyl cellulose', 1, 'E465', '2016-04-13 13:52:02', '2016-04-13 13:52:02'),
(206, 'Carboxymethyl cellulose', 1, 'E466', '2016-04-13 13:52:02', '2016-04-13 13:52:02'),
(207, 'Ethyl hydroxyethyl cellulose', 1, 'E467', '2016-04-13 13:52:02', '2016-04-13 13:52:02'),
(208, 'Crosslinked sodium carboxymethyl cellulose', 1, 'E468', '2016-04-13 13:52:02', '2016-04-13 13:52:02'),
(209, 'Enzymically hydrolysed carboxymethylcellulose', 1, 'E469', '2016-04-13 13:52:02', '2016-04-13 13:52:02'),
(210, 'Sodium, Potassium and Calcium Salts of Fatty Acids', 1, 'E470', '2016-04-13 13:52:02', '2016-04-13 13:52:02'),
(211, 'Mono- and diglycerides of fatty acids', 1, 'E471', '2016-04-13 13:52:02', '2016-04-13 13:52:02'),
(212, 'Various Esters of Mono-and Diglycerides of Fatty Acids', 1, 'E472', '2016-04-13 13:52:02', '2016-04-13 13:52:02'),
(213, 'Di-acetyl tartrate ester of monoglyceride', 1, 'E472e', '2016-04-13 13:52:02', '2016-04-13 13:52:02'),
(214, 'Sucrose esters of fatty acids', 1, 'E473', '2016-04-13 13:52:02', '2016-04-13 13:52:02'),
(215, 'Sucroglycerides', 1, 'E474', '2016-04-13 13:52:02', '2016-04-13 13:52:02'),
(216, 'Polyglycerol esters of fatty acids', 1, 'E475', '2016-04-13 13:52:02', '2016-04-13 13:52:02'),
(217, 'Polyglycerol polyricinoleate', 1, 'E476', '2016-04-13 13:52:02', '2016-04-13 13:52:02'),
(218, 'Propane-1,2-Diol Esters of Fatty Acids', 1, 'E477', '2016-04-13 13:52:02', '2016-04-13 13:52:02'),
(219, 'Lactylated fatty acid esters of glycerol and propane-1', 1, 'E478', '2016-04-13 13:52:02', '2016-04-13 13:52:02'),
(220, 'Thermally oxidized soya bean oil interacted with mono- and diglycerides of fatty acids', 1, 'E479b', '2016-04-13 13:52:02', '2016-04-13 13:52:02'),
(221, 'Sodium stearoyl-2-lactylate', 1, 'E481', '2016-04-13 13:52:02', '2016-04-13 13:52:02'),
(222, 'Calcium stearoyl-2-lactylate', 1, 'E482', '2016-04-13 13:52:02', '2016-04-13 13:52:02'),
(223, 'Stearyl tartrate', 1, 'E483', '2016-04-13 13:52:02', '2016-04-13 13:52:02'),
(224, 'Sorbitan monostearate', 1, 'E491', '2016-04-13 13:52:02', '2016-04-13 13:52:02'),
(225, 'Sorbitan tristearate', 1, 'E492', '2016-04-13 13:52:02', '2016-04-13 13:52:02'),
(226, 'Sorbitan monolaurate', 1, 'E493', '2016-04-13 13:52:02', '2016-04-13 13:52:02'),
(227, 'Stearyl citrate', 1, 'E494', '2016-04-13 13:52:02', '2016-04-13 13:52:02'),
(228, 'Sorbitan Monopalmitate', 1, 'E495', '2016-04-13 13:52:02', '2016-04-13 13:52:02'),
(229, 'Sorbitan Trioleate', 1, 'E496', '2016-04-13 13:52:02', '2016-04-13 13:52:02'),
(230, 'Sodium carbonate', 1, 'E500', '2016-04-13 13:52:02', '2016-04-13 13:52:02'),
(231, 'Potassium carbonate', 1, 'E501', '2016-04-13 13:52:02', '2016-04-13 13:52:02'),
(232, 'Ammonium carbonate', 1, 'E503', '2016-04-13 13:52:02', '2016-04-13 13:52:02'),
(233, 'Magnesium carbonate', 1, 'E504', '2016-04-13 13:52:02', '2016-04-13 13:52:02'),
(234, 'Hydrochloric acid', 1, 'E507', '2016-04-13 13:52:02', '2016-04-13 13:52:02'),
(235, 'Potassium chloride', 1, 'E508', '2016-04-13 13:52:02', '2016-04-13 13:52:02'),
(236, 'Calcium chloride', 1, 'E509', '2016-04-13 13:52:02', '2016-04-13 13:52:02'),
(237, 'Ammonium chloride', 1, 'E510', '2016-04-13 13:52:02', '2016-04-13 13:52:02'),
(238, 'Magnesium chloride', 1, 'E511', '2016-04-13 13:52:02', '2016-04-13 13:52:02'),
(239, 'Stannous chloride', 1, 'E512', '2016-04-13 13:52:02', '2016-04-13 13:52:02'),
(240, 'Sulphuric Acid', 1, 'E513', '2016-04-13 13:52:02', '2016-04-13 13:52:02'),
(241, 'Sodium sulphate', 1, 'E514', '2016-04-13 13:52:02', '2016-04-13 13:52:02'),
(242, 'Potassium sulphate', 1, 'E515', '2016-04-13 13:52:02', '2016-04-13 13:52:02'),
(243, 'Calcium sulphate', 1, 'E516', '2016-04-13 13:52:02', '2016-04-13 13:52:02'),
(244, 'Ammonium sulphate', 1, 'E517', '2016-04-13 13:52:02', '2016-04-13 13:52:02'),
(245, 'Magnesium sulphate', 1, 'E518', '2016-04-13 13:52:02', '2016-04-13 13:52:02'),
(246, 'Aluminium sulphate', 1, 'E520', '2016-04-13 13:52:02', '2016-04-13 13:52:02'),
(247, 'Aluminium sodium sulphate', 1, 'E521', '2016-04-13 13:52:02', '2016-04-13 13:52:02'),
(248, 'Aluminium potassium sulphate', 1, 'E522', '2016-04-13 13:52:02', '2016-04-13 13:52:02'),
(249, 'Aluminium ammonium sulphate', 1, 'E523', '2016-04-13 13:52:02', '2016-04-13 13:52:02'),
(250, 'Sodium hydroxide', 1, 'E524', '2016-04-13 13:52:02', '2016-04-13 13:52:02'),
(251, 'Potassium hydroxide', 1, 'E525', '2016-04-13 13:52:02', '2016-04-13 13:52:02'),
(252, 'Calcium hydroxide', 1, 'E526', '2016-04-13 13:52:02', '2016-04-13 13:52:02'),
(253, 'Ammonium hydroxide', 1, 'E527', '2016-04-13 13:52:02', '2016-04-13 13:52:02'),
(254, 'Magnesium hydroxide', 1, 'E528', '2016-04-13 13:52:02', '2016-04-13 13:52:02'),
(255, 'Calcium oxide', 1, 'E529', '2016-04-13 13:52:02', '2016-04-13 13:52:02'),
(256, 'Magnesium oxide', 1, 'E530', '2016-04-13 13:52:02', '2016-04-13 13:52:02'),
(257, 'Sodium ferrocyanide', 1, 'E535', '2016-04-13 13:52:02', '2016-04-13 13:52:02'),
(258, 'Potassium ferrocyanide', 1, 'E536', '2016-04-13 13:52:02', '2016-04-13 13:52:02'),
(259, 'Calcium Ferrocyanide', 1, 'E538', '2016-04-13 13:52:02', '2016-04-13 13:52:02'),
(260, 'Dicalcium Ferrocyanide', 1, 'E540', '2016-04-13 13:52:02', '2016-04-13 13:52:02'),
(261, 'Sodium aluminium phosphate', 1, 'E541', '2016-04-13 13:52:02', '2016-04-13 13:52:02'),
(262, 'Bone Phosphate', 1, 'E542', '2016-04-13 13:52:02', '2016-04-13 13:52:02'),
(263, 'Calcium Polyphosphates', 1, 'E544', '2016-04-13 13:52:02', '2016-04-13 13:52:02'),
(264, 'Ammonium polyphosphate', 1, 'E545', '2016-04-13 13:52:02', '2016-04-13 13:52:02'),
(265, 'Sodium silicate', 1, 'E550', '2016-04-13 13:52:02', '2016-04-13 13:52:02'),
(266, 'Silicon dioxide', 1, 'E551', '2016-04-13 13:52:02', '2016-04-13 13:52:02'),
(267, 'Calcium silicate', 1, 'E552', '2016-04-13 13:52:02', '2016-04-13 13:52:02'),
(268, 'Magnesium silicate', 1, 'E553', '2016-04-13 13:52:02', '2016-04-13 13:52:02'),
(269, 'Sodium aluminosilicate', 1, 'E554', '2016-04-13 13:52:02', '2016-04-13 13:52:02'),
(270, 'Potassium aluminium silicate', 1, 'E555', '2016-04-13 13:52:02', '2016-04-13 13:52:02'),
(271, 'Calcium aluminosilicate', 1, 'E556', '2016-04-13 13:52:02', '2016-04-13 13:52:02'),
(272, 'Bentonite', 1, 'E558', '2016-04-13 13:52:02', '2016-04-13 13:52:02'),
(273, 'Aluminium silicate', 1, 'E559', '2016-04-13 13:52:02', '2016-04-13 13:52:02'),
(274, 'Stearic acid', 1, 'E570', '2016-04-13 13:52:02', '2016-04-13 13:52:02'),
(275, 'Magnesium stearate', 1, 'E572', '2016-04-13 13:52:02', '2016-04-13 13:52:02'),
(276, 'Gluconic acid', 1, 'E574', '2016-04-13 13:52:02', '2016-04-13 13:52:02'),
(277, 'Glucono delta-lactone', 1, 'E575', '2016-04-13 13:52:02', '2016-04-13 13:52:02'),
(278, 'Sodium gluconate', 1, 'E576', '2016-04-13 13:52:02', '2016-04-13 13:52:02'),
(279, 'Potassium gluconate', 1, 'E577', '2016-04-13 13:52:02', '2016-04-13 13:52:02'),
(280, 'Calcium gluconate', 1, 'E578', '2016-04-13 13:52:02', '2016-04-13 13:52:02'),
(281, 'Ferrous lactate', 1, 'E585', '2016-04-13 13:52:02', '2016-04-13 13:52:02'),
(282, 'Glutamic acid', 1, 'E620', '2016-04-13 13:52:02', '2016-04-13 13:52:02'),
(283, 'Monosodium glutamate', 1, 'E621', '2016-04-13 13:52:02', '2016-04-13 13:52:02'),
(284, 'Monopotassium glutamate', 1, 'E622', '2016-04-13 13:52:02', '2016-04-13 13:52:02'),
(285, 'Calcium glutamate', 1, 'E623', '2016-04-13 13:52:02', '2016-04-13 13:52:02'),
(286, 'Monoammonium glutamate', 1, 'E624', '2016-04-13 13:52:02', '2016-04-13 13:52:02'),
(287, 'Magnesium diglutamate', 1, 'E625', '2016-04-13 13:52:02', '2016-04-13 13:52:02'),
(288, 'Guanylic acid', 1, 'E626', '2016-04-13 13:52:02', '2016-04-13 13:52:02'),
(289, 'Disodium guanylate', 1, 'E627', '2016-04-13 13:52:02', '2016-04-13 13:52:02'),
(290, 'Dipotassium guanylate', 1, 'E628', '2016-04-13 13:52:02', '2016-04-13 13:52:02'),
(291, 'Calcium guanylate', 1, 'E629', '2016-04-13 13:52:02', '2016-04-13 13:52:02'),
(292, 'Inosinic acid', 1, 'E630', '2016-04-13 13:52:02', '2016-04-13 13:52:02'),
(293, 'Sodium inosinate', 1, 'E631', '2016-04-13 13:52:02', '2016-04-13 13:52:02'),
(294, 'Dipotassium inosinate', 1, 'E632', '2016-04-13 13:52:02', '2016-04-13 13:52:02'),
(295, 'Calcium inosinate', 1, 'E633', '2016-04-13 13:52:02', '2016-04-13 13:52:02'),
(296, 'Calcium5-Ribonucleotide', 1, 'E634', '2016-04-13 13:52:02', '2016-04-13 13:52:02'),
(297, 'Disodium 5-ribonucleotides', 1, 'E635', '2016-04-13 13:52:02', '2016-04-13 13:52:02'),
(298, 'Maltol', 1, 'E636', '2016-04-13 13:52:02', '2016-04-13 13:52:02'),
(299, 'Ethyl maltol', 1, 'E637', '2016-04-13 13:52:02', '2016-04-13 13:52:02'),
(300, 'Glycine', 1, 'E640', '2016-04-13 13:52:02', '2016-04-13 13:52:02'),
(301, 'Zinc acetate', 1, 'E650', '2016-04-13 13:52:02', '2016-04-13 13:52:02'),
(302, 'Dimethylpolysiloxane', 1, 'E900', '2016-04-13 13:52:02', '2016-04-13 13:52:02'),
(303, 'Beeswax', 1, 'E901', '2016-04-13 13:52:02', '2016-04-13 13:52:02'),
(304, 'Candelilla wax', 1, 'E902', '2016-04-13 13:52:02', '2016-04-13 13:52:02'),
(305, 'Carnauba wax', 1, 'E903', '2016-04-13 13:52:02', '2016-04-13 13:52:02'),
(306, 'Shellac', 1, 'E904', '2016-04-13 13:52:02', '2016-04-13 13:52:02'),
(307, 'Mineral oil', 1, 'E905', '2016-04-13 13:52:02', '2016-04-13 13:52:02'),
(308, 'Crystalline wax', 1, 'E907', '2016-04-13 13:52:02', '2016-04-13 13:52:02'),
(309, 'Montanic acid', 1, 'E912', '2016-04-13 13:52:02', '2016-04-13 13:52:02'),
(310, 'Lanolin', 1, 'E913', '2016-04-13 13:52:02', '2016-04-13 13:52:02'),
(311, 'Oxidised Polyethylene wax', 1, 'E914', '2016-04-13 13:52:02', '2016-04-13 13:52:02'),
(312, 'L-cysteine', 1, 'E920', '2016-04-13 13:52:02', '2016-04-13 13:52:02'),
(313, 'Potassium bromate', 1, 'E924', '2016-04-13 13:52:02', '2016-04-13 13:52:02'),
(314, 'Chlorine', 1, 'E925', '2016-04-13 13:52:02', '2016-04-13 13:52:02'),
(315, 'Chlorine dioxide', 1, 'E926', '2016-04-13 13:52:02', '2016-04-13 13:52:02'),
(316, 'Carbamide', 1, 'E927b', '2016-04-13 13:52:02', '2016-04-13 13:52:02'),
(317, 'Argon', 1, 'E938', '2016-04-13 13:52:02', '2016-04-13 13:52:02'),
(318, 'Helium', 1, 'E939', '2016-04-13 13:52:02', '2016-04-13 13:52:02'),
(319, 'Nitrogen', 1, 'E941', '2016-04-13 13:52:02', '2016-04-13 13:52:02'),
(320, 'Nitrous oxide', 1, 'E942', '2016-04-13 13:52:02', '2016-04-13 13:52:02'),
(321, 'Butane', 1, 'E943a', '2016-04-13 13:52:02', '2016-04-13 13:52:02'),
(322, 'Iso-butane', 1, 'E943b', '2016-04-13 13:52:02', '2016-04-13 13:52:02'),
(323, 'Propane', 1, 'E944', '2016-04-13 13:52:02', '2016-04-13 13:52:02'),
(324, 'Hydrogen', 1, 'E949', '2016-04-13 13:52:02', '2016-04-13 13:52:02'),
(325, 'Aspartane', 1, 'E951', '2016-04-13 13:52:02', '2016-04-13 13:52:02'),
(326, 'Isomalt', 1, 'E953', '2016-04-13 13:52:02', '2016-04-13 13:52:02'),
(327, 'Saccharin', 1, 'E954', '2016-04-13 13:52:02', '2016-04-13 13:52:02'),
(328, 'Maltitol', 1, 'E965', '2016-04-13 13:52:02', '2016-04-13 13:52:02'),
(329, 'Lactitol', 1, 'E966', '2016-04-13 13:52:02', '2016-04-13 13:52:02'),
(330, 'Xylitol', 1, 'E967', '2016-04-13 13:52:02', '2016-04-13 13:52:02'),
(331, 'Erythritol', 1, 'E968', '2016-04-13 13:52:02', '2016-04-13 13:52:02'),
(332, 'Quillaia extract', 1, 'E999', '2016-04-13 13:52:02', '2016-04-13 13:52:02'),
(333, 'Whole Corn', 0, NULL, '2016-04-13 21:41:22', '2016-04-13 21:41:22'),
(334, 'Palm Oil', 0, NULL, '2016-04-13 21:41:22', '2016-04-13 21:41:22'),
(335, 'Flavour Enhacer', 0, NULL, '2016-04-13 21:41:22', '2016-04-13 21:41:22'),
(336, 'Rice', 0, NULL, '2016-04-13 21:52:09', '2016-04-13 21:52:09'),
(337, 'Corn', 0, NULL, '2016-04-13 21:52:09', '2016-04-13 21:52:09'),
(338, 'Dextrose', 0, NULL, '2016-04-13 21:52:09', '2016-04-13 21:52:09'),
(339, 'Vegetable Oil', 0, NULL, '2016-04-13 21:52:09', '2016-04-13 21:52:09'),
(340, 'Sugar', 0, NULL, '2016-04-13 21:52:09', '2016-04-13 21:52:09'),
(341, 'Soybean Powder', 0, NULL, '2016-04-13 21:52:09', '2016-04-13 21:52:09'),
(342, 'Whey Powder', 0, NULL, '2016-04-13 21:52:09', '2016-04-13 21:52:09'),
(343, 'Egg Powder', 0, NULL, '2016-04-13 21:52:09', '2016-04-13 21:52:09'),
(344, 'Salt', 0, NULL, '2016-04-13 21:52:09', '2016-04-13 21:52:09'),
(345, 'Water', 0, NULL, '2016-04-13 22:05:28', '2016-04-13 22:05:28'),
(346, 'Wheat Flour', 0, NULL, '2016-04-13 22:05:28', '2016-04-13 22:05:28'),
(347, 'Soya Lecithin', 0, NULL, '2016-04-13 22:05:28', '2016-04-13 22:05:28'),
(348, 'Chocolate Sraying', 0, NULL, '2016-04-13 22:05:28', '2016-04-13 22:05:28'),
(349, 'Chocolate Sraying', 0, NULL, '2016-04-13 22:05:28', '2016-04-13 22:05:28'),
(350, 'Skimmed Milk Powder', 0, NULL, '2016-04-13 22:05:28', '2016-04-13 22:05:28'),
(351, 'Glucose Syrup', 0, NULL, '2016-04-13 22:05:28', '2016-04-13 22:05:28'),
(352, 'Maltodextrine', 0, NULL, '2016-04-13 22:05:28', '2016-04-13 22:05:28'),
(353, 'Cocoa Powder', 0, NULL, '2016-04-13 22:05:28', '2016-04-13 22:05:28'),
(354, 'Emulsifier', 0, NULL, '2016-04-13 22:05:28', '2016-04-13 22:05:28'),
(355, 'White Chocolate', 0, NULL, '2016-04-13 22:05:28', '2016-04-13 22:05:28'),
(356, 'Milk Chocolate', 0, NULL, '2016-04-13 22:05:28', '2016-04-13 22:05:28'),
(357, 'Cream', 0, NULL, '2016-04-13 22:05:28', '2016-04-13 22:05:28'),
(358, 'Carcamine', 0, NULL, '2016-04-13 22:05:28', '2016-04-13 22:05:28'),
(359, 'Choco Chips', 0, NULL, '2016-04-13 22:31:36', '2016-04-13 22:31:36'),
(360, 'Margarine', 0, NULL, '2016-04-13 22:31:36', '2016-04-13 22:31:36'),
(361, 'Eggs', 0, NULL, '2016-04-13 22:31:36', '2016-04-13 22:31:36'),
(362, 'Sesame Seeds Peanuts', 0, NULL, '2016-04-13 22:31:36', '2016-04-13 22:31:36'),
(363, 'Treenuts', 0, NULL, '2016-04-13 22:31:36', '2016-04-13 22:31:36'),
(364, 'Skimmed Milk', 0, NULL, '2016-04-13 23:17:29', '2016-04-13 23:17:29'),
(365, 'Natural', 0, NULL, '2016-04-13 23:17:29', '2016-04-13 23:17:29'),
(366, 'Chocolate Extract', 0, NULL, '2016-04-13 23:17:29', '2016-04-13 23:17:29'),
(367, 'Chocolate Flavour', 0, NULL, '2016-04-13 23:17:29', '2016-04-13 23:17:29'),
(368, 'Fresh Milk', 0, NULL, '2016-04-20 03:58:04', '2016-04-20 03:58:04'),
(369, 'Vegetable Stabilizer', 0, NULL, '2016-04-20 03:58:04', '2016-04-20 03:58:04'),
(370, 'Chocolate Artificial Flavor', 0, NULL, '2016-04-20 03:58:04', '2016-04-20 03:58:04'),
(371, 'Orange Pulp', 0, NULL, '2016-04-21 13:24:35', '2016-04-21 13:24:35'),
(372, 'Orange Concentrate', 0, NULL, '2016-04-21 13:24:35', '2016-04-21 13:24:35'),
(373, 'Orange Flavour', 0, NULL, '2016-04-21 13:24:35', '2016-04-21 13:24:35'),
(374, 'Vitamin C', 0, NULL, '2016-04-21 13:24:35', '2016-04-21 13:24:35'),
(375, 'Non Diary Creamer', 0, NULL, '2016-04-21 13:29:18', '2016-04-21 13:29:18'),
(376, 'Instant Coffee', 0, NULL, '2016-04-21 13:29:18', '2016-04-21 13:29:18'),
(377, 'Artificial Sweetener Sucralose', 0, NULL, '2016-04-21 13:29:18', '2016-04-21 13:29:18'),
(378, 'Acesumfame-K', 0, NULL, '2016-04-21 13:29:18', '2016-04-21 13:29:18'),
(379, 'Mie', 0, NULL, '2016-04-23 09:52:50', '2016-04-23 09:52:50'),
(380, 'Tapioka', 0, NULL, '2016-04-23 09:52:50', '2016-04-23 09:52:50'),
(381, 'Sodium Poliphospate', 0, NULL, '2016-04-23 09:52:50', '2016-04-23 09:52:50'),
(382, 'Acidity Regulator', 0, NULL, '2016-04-23 09:52:50', '2016-04-23 09:52:50'),
(383, 'Chicken', 0, NULL, '2016-04-23 09:52:50', '2016-04-23 09:52:50'),
(384, 'Fungi', 0, NULL, '2016-04-23 09:52:50', '2016-04-23 09:52:50'),
(385, 'Onion', 0, NULL, '2016-04-23 09:52:50', '2016-04-23 09:52:50'),
(386, 'Soy Sauce', 0, NULL, '2016-04-23 09:52:50', '2016-04-23 09:52:50'),
(387, 'Sesame Oil', 0, NULL, '2016-04-23 09:52:50', '2016-04-23 09:52:50'),
(388, 'Pepper Powder', 0, NULL, '2016-04-23 09:52:50', '2016-04-23 09:52:50'),
(389, 'Chili', 0, NULL, '2016-04-23 09:52:50', '2016-04-23 09:52:50'),
(390, 'Cassava Powder', 0, NULL, '2016-04-23 09:52:50', '2016-04-23 09:52:50'),
(401, 'Curcumin', 1, 'E100', '2016-04-29 19:51:57', '2016-04-29 19:51:57');

-- --------------------------------------------------------

--
-- Table structure for table `ingredient_halal`
--

CREATE TABLE `ingredient_halal` (
  `ingredient_id` int(10) UNSIGNED NOT NULL,
  `halal_id` int(10) UNSIGNED NOT NULL,
  `created_at` timestamp NOT NULL DEFAULT '0000-00-00 00:00:00',
  `updated_at` timestamp NOT NULL DEFAULT '0000-00-00 00:00:00'
) ENGINE=InnoDB DEFAULT CHARSET=utf8 COLLATE=utf8_unicode_ci;

--
-- Dumping data for table `ingredient_halal`
--

INSERT INTO `ingredient_halal` (`ingredient_id`, `halal_id`, `created_at`, `updated_at`) VALUES
(2, 2, '2005-09-28 13:52:02', '2016-04-13 13:52:02'),
(3, 3, '2015-05-02 13:52:02', '2016-04-13 13:52:02'),
(4, 4, '2005-09-28 13:52:02', '2016-04-13 13:52:02'),
(5, 5, '2005-09-28 13:52:02', '2016-04-13 13:52:02'),
(6, 6, '2005-09-28 13:52:02', '2016-04-13 13:52:02'),
(7, 7, '2013-01-07 13:52:02', '2016-04-13 13:52:02'),
(8, 8, '2005-09-28 13:52:02', '2016-04-13 13:52:02'),
(9, 9, '2015-09-18 13:52:02', '2016-04-13 13:52:02'),
(10, 10, '2015-09-18 13:52:02', '2016-04-13 13:52:02'),
(11, 11, '2011-06-14 13:52:02', '2016-04-13 13:52:02'),
(12, 12, '2013-01-07 13:52:02', '2016-04-13 13:52:02'),
(13, 13, '2005-09-28 13:52:02', '2016-04-13 13:52:02'),
(14, 14, '2011-06-14 13:52:02', '2016-04-13 13:52:02'),
(15, 15, '2011-06-14 13:52:02', '2016-04-13 13:52:02'),
(16, 16, '2005-09-28 13:52:02', '2016-04-13 13:52:02'),
(17, 17, '2005-09-28 13:52:02', '2016-04-13 13:52:02'),
(18, 18, '2005-09-28 13:52:02', '2016-04-13 13:52:02'),
(19, 19, '2005-09-28 13:52:02', '2016-04-13 13:52:02'),
(20, 20, '2005-09-28 13:52:02', '2016-04-13 13:52:02'),
(21, 21, '2011-06-14 13:52:02', '2016-04-13 13:52:02'),
(22, 22, '2005-09-28 13:52:02', '2016-04-13 13:52:02'),
(23, 23, '2005-09-28 13:52:02', '2016-04-13 13:52:02'),
(24, 24, '2005-09-28 13:52:02', '2016-04-13 13:52:02'),
(25, 25, '2005-09-28 13:52:02', '2016-04-13 13:52:02'),
(26, 26, '2011-06-14 13:52:02', '2016-04-13 13:52:02'),
(27, 27, '2011-06-14 13:52:02', '2016-04-13 13:52:02'),
(28, 28, '2011-06-14 13:52:02', '2016-04-13 13:52:02'),
(29, 29, '2005-09-28 13:52:02', '2016-04-13 13:52:02'),
(30, 30, '2011-06-14 13:52:02', '2016-04-13 13:52:02'),
(31, 31, '2011-06-14 13:52:02', '2016-04-13 13:52:02'),
(32, 32, '2011-06-14 13:52:02', '2016-04-13 13:52:02'),
(33, 33, '2005-09-28 13:52:02', '2016-04-13 13:52:02'),
(34, 34, '2011-06-14 13:52:02', '2016-04-13 13:52:02'),
(35, 35, '2011-06-14 13:52:02', '2016-04-13 13:52:02'),
(36, 36, '2011-06-14 13:52:02', '2016-04-13 13:52:02'),
(37, 37, '2011-06-14 13:52:02', '2016-04-13 13:52:02'),
(38, 38, '2011-06-14 13:52:02', '2016-04-13 13:52:02'),
(39, 39, '2005-09-28 13:52:02', '2016-04-13 13:52:02'),
(40, 40, '2011-06-14 13:52:02', '2016-04-13 13:52:02'),
(41, 41, '2005-09-28 13:52:02', '2016-04-13 13:52:02'),
(42, 42, '2011-06-14 13:52:02', '2016-04-13 13:52:02'),
(43, 43, '2011-06-14 13:52:02', '2016-04-13 13:52:02'),
(44, 44, '2005-09-28 13:52:02', '2016-04-13 13:52:02'),
(45, 45, '2005-09-28 13:52:02', '2016-04-13 13:52:02'),
(46, 46, '2005-09-28 13:52:02', '2016-04-13 13:52:02'),
(47, 47, '2005-09-28 13:52:02', '2016-04-13 13:52:02'),
(48, 48, '2005-09-28 13:52:02', '2016-04-13 13:52:02'),
(49, 49, '2005-09-28 13:52:02', '2016-04-13 13:52:02'),
(50, 50, '2005-09-28 13:52:02', '2016-04-13 13:52:02'),
(51, 51, '2005-09-28 13:52:02', '2016-04-13 13:52:02'),
(52, 52, '2005-09-28 13:52:02', '2016-04-13 13:52:02'),
(53, 53, '2005-09-28 13:52:02', '2016-04-13 13:52:02'),
(54, 54, '2005-09-28 13:52:02', '2016-04-13 13:52:02'),
(55, 55, '2005-09-28 13:52:02', '2016-04-13 13:52:02'),
(56, 56, '2005-09-28 13:52:02', '2016-04-13 13:52:02'),
(57, 57, '2005-09-28 13:52:02', '2016-04-13 13:52:02'),
(58, 58, '2005-09-28 13:52:02', '2016-04-13 13:52:02'),
(59, 59, '2005-09-28 13:52:02', '2016-04-13 13:52:02'),
(60, 60, '2005-09-28 13:52:02', '2016-04-13 13:52:02'),
(61, 61, '2005-09-28 13:52:02', '2016-04-13 13:52:02'),
(62, 62, '2005-09-28 13:52:02', '2016-04-13 13:52:02'),
(63, 63, '2005-09-28 13:52:02', '2016-04-13 13:52:02'),
(64, 64, '2005-09-28 13:52:02', '2016-04-13 13:52:02'),
(65, 65, '2005-09-28 13:52:02', '2016-04-13 13:52:02'),
(66, 66, '2005-09-28 13:52:02', '2016-04-13 13:52:02'),
(67, 67, '2005-09-28 13:52:02', '2016-04-13 13:52:02'),
(68, 68, '2005-09-28 13:52:02', '2016-04-13 13:52:02'),
(69, 69, '2005-09-28 13:52:02', '2016-04-13 13:52:02'),
(70, 70, '2005-09-28 13:52:02', '2016-04-13 13:52:02'),
(71, 71, '2005-09-28 13:52:02', '2016-04-13 13:52:02'),
(72, 72, '2005-09-28 13:52:02', '2016-04-13 13:52:02'),
(73, 73, '2005-09-28 13:52:02', '2016-04-13 13:52:02'),
(74, 74, '2005-09-28 13:52:02', '2016-04-13 13:52:02'),
(75, 75, '2005-09-28 13:52:02', '2016-04-13 13:52:02'),
(76, 76, '2005-09-28 13:52:02', '2016-04-13 13:52:02'),
(77, 77, '2005-09-28 13:52:02', '2016-04-13 13:52:02'),
(78, 78, '2005-09-28 13:52:02', '2016-04-13 13:52:02'),
(79, 79, '2005-09-28 13:52:02', '2016-04-13 13:52:02'),
(80, 80, '2005-09-28 13:52:02', '2016-04-13 13:52:02'),
(81, 81, '2005-09-28 13:52:02', '2016-04-13 13:52:02'),
(82, 82, '2005-09-28 13:52:02', '2016-04-13 13:52:02'),
(83, 83, '2005-09-28 13:52:02', '2016-04-13 13:52:02'),
(84, 84, '2005-09-28 13:52:02', '2016-04-13 13:52:02'),
(85, 85, '2005-09-28 13:52:02', '2016-04-13 13:52:02'),
(86, 86, '2005-09-28 13:52:02', '2016-04-13 13:52:02'),
(87, 87, '2005-09-28 13:52:02', '2016-04-13 13:52:02'),
(88, 88, '2005-09-28 13:52:02', '2016-04-13 13:52:02'),
(89, 89, '2005-09-28 13:52:02', '2016-04-13 13:52:02'),
(90, 90, '2005-09-28 13:52:02', '2016-04-13 13:52:02'),
(91, 91, '2005-09-28 13:52:02', '2016-04-13 13:52:02'),
(92, 92, '2005-09-28 13:52:02', '2016-04-13 13:52:02'),
(93, 93, '2005-09-28 13:52:02', '2016-04-13 13:52:02'),
(94, 94, '2005-09-28 13:52:02', '2016-04-13 13:52:02'),
(95, 95, '2005-09-28 13:52:02', '2016-04-13 13:52:02'),
(96, 96, '2011-06-14 13:52:02', '2016-04-13 13:52:02'),
(97, 97, '2005-09-28 13:52:02', '2016-04-13 13:52:02'),
(98, 98, '2011-06-14 13:52:02', '2016-04-13 13:52:02'),
(99, 99, '2005-09-28 13:52:02', '2016-04-13 13:52:02'),
(100, 100, '2005-09-28 13:52:02', '2016-04-13 13:52:02'),
(101, 101, '2005-09-28 13:52:02', '2016-04-13 13:52:02'),
(102, 102, '2005-09-28 13:52:02', '2016-04-13 13:52:02'),
(103, 103, '2005-09-28 13:52:02', '2016-04-13 13:52:02'),
(104, 104, '2005-09-28 13:52:02', '2016-04-13 13:52:02'),
(105, 105, '2005-09-28 13:52:02', '2016-04-13 13:52:02'),
(106, 106, '2005-09-28 13:52:02', '2016-04-13 13:52:02'),
(107, 107, '2005-09-28 13:52:02', '2016-04-13 13:52:02'),
(108, 108, '2005-09-28 13:52:02', '2016-04-13 13:52:02'),
(109, 109, '2005-09-28 13:52:02', '2016-04-13 13:52:02'),
(110, 110, '2005-09-28 13:52:02', '2016-04-13 13:52:02'),
(111, 111, '2005-09-28 13:52:02', '2016-04-13 13:52:02'),
(112, 112, '2005-09-28 13:52:02', '2016-04-13 13:52:02'),
(113, 113, '2011-06-14 13:52:02', '2016-04-13 13:52:02'),
(114, 114, '2005-09-28 13:52:02', '2016-04-13 13:52:02'),
(115, 115, '2005-09-28 13:52:02', '2016-04-13 13:52:02'),
(116, 116, '2005-09-28 13:52:02', '2016-04-13 13:52:02'),
(117, 117, '2005-09-28 13:52:02', '2016-04-13 13:52:02'),
(118, 118, '2005-09-28 13:52:02', '2016-04-13 13:52:02'),
(119, 119, '2005-09-28 13:52:02', '2016-04-13 13:52:02'),
(120, 120, '2005-09-28 13:52:02', '2016-04-13 13:52:02'),
(121, 121, '2005-09-28 13:52:02', '2016-04-13 13:52:02'),
(122, 122, '2005-09-28 13:52:02', '2016-04-13 13:52:02'),
(123, 123, '2005-09-28 13:52:02', '2016-04-13 13:52:02'),
(124, 124, '2005-09-28 13:52:02', '2016-04-13 13:52:02'),
(125, 125, '2005-09-28 13:52:02', '2016-04-13 13:52:02'),
(126, 126, '2005-09-28 13:52:02', '2016-04-13 13:52:02'),
(127, 127, '2005-09-28 13:52:02', '2016-04-13 13:52:02'),
(128, 128, '2014-01-25 13:52:02', '2016-04-13 13:52:02'),
(129, 129, '2011-06-14 13:52:02', '2016-04-13 13:52:02'),
(130, 130, '2013-08-15 13:52:02', '2016-04-13 13:52:02'),
(131, 131, '2005-09-28 13:52:02', '2016-04-13 13:52:02'),
(132, 132, '2005-09-28 13:52:02', '2016-04-13 13:52:02'),
(133, 133, '2005-09-28 13:52:02', '2016-04-13 13:52:02'),
(134, 134, '2005-09-28 13:52:02', '2016-04-13 13:52:02'),
(135, 135, '2005-09-28 13:52:02', '2016-04-13 13:52:02'),
(136, 136, '2005-09-28 13:52:02', '2016-04-13 13:52:02'),
(137, 137, '2005-09-28 13:52:02', '2016-04-13 13:52:02'),
(138, 138, '2005-09-28 13:52:02', '2016-04-13 13:52:02'),
(139, 139, '2005-09-28 13:52:02', '2016-04-13 13:52:02'),
(140, 140, '2005-09-28 13:52:02', '2016-04-13 13:52:02'),
(141, 141, '2005-09-28 13:52:02', '2016-04-13 13:52:02'),
(142, 142, '2005-09-28 13:52:02', '2016-04-13 13:52:02'),
(143, 143, '2005-09-28 13:52:02', '2016-04-13 13:52:02'),
(144, 144, '2005-09-28 13:52:02', '2016-04-13 13:52:02'),
(145, 145, '2005-09-28 13:52:02', '2016-04-13 13:52:02'),
(146, 146, '2005-09-28 13:52:02', '2016-04-13 13:52:02'),
(147, 147, '2005-09-28 13:52:02', '2016-04-13 13:52:02'),
(148, 148, '2005-09-28 13:52:02', '2016-04-13 13:52:02'),
(149, 149, '2011-06-14 13:52:02', '2016-04-13 13:52:02'),
(150, 150, '2005-09-28 13:52:02', '2016-04-13 13:52:02'),
(151, 151, '2005-09-28 13:52:02', '2016-04-13 13:52:02'),
(152, 152, '2005-09-28 13:52:02', '2016-04-13 13:52:02'),
(153, 153, '2005-09-28 13:52:02', '2016-04-13 13:52:02'),
(154, 154, '2011-06-14 13:52:02', '2016-04-13 13:52:02'),
(155, 155, '2005-09-28 13:52:02', '2016-04-13 13:52:02'),
(156, 156, '2011-06-14 13:52:02', '2016-04-13 13:52:02'),
(157, 157, '2011-06-14 13:52:02', '2016-04-13 13:52:02'),
(158, 158, '2005-09-28 13:52:02', '2016-04-13 13:52:02'),
(159, 159, '2005-09-28 13:52:02', '2016-04-13 13:52:02'),
(160, 160, '2005-09-28 13:52:02', '2016-04-13 13:52:02'),
(161, 161, '2005-09-28 13:52:02', '2016-04-13 13:52:02'),
(162, 162, '2005-09-28 13:52:02', '2016-04-13 13:52:02'),
(163, 163, '2005-09-28 13:52:02', '2016-04-13 13:52:02'),
(164, 164, '2005-09-28 13:52:02', '2016-04-13 13:52:02'),
(165, 165, '2005-09-28 13:52:02', '2016-04-13 13:52:02'),
(166, 166, '2005-09-28 13:52:02', '2016-04-13 13:52:02'),
(167, 167, '2005-09-28 13:52:02', '2016-04-13 13:52:02'),
(168, 168, '2005-09-28 13:52:02', '2016-04-13 13:52:02'),
(169, 169, '2005-09-28 13:52:02', '2016-04-13 13:52:02'),
(170, 170, '2005-09-28 13:52:02', '2016-04-13 13:52:02'),
(171, 171, '2015-12-09 13:52:02', '2016-04-13 13:52:02'),
(172, 172, '2005-09-28 13:52:02', '2016-04-13 13:52:02'),
(173, 173, '2005-09-28 13:52:02', '2016-04-13 13:52:02'),
(174, 174, '2005-09-28 13:52:02', '2016-04-13 13:52:02'),
(175, 175, '2005-09-28 13:52:02', '2016-04-13 13:52:02'),
(176, 176, '2005-09-28 13:52:02', '2016-04-13 13:52:02'),
(177, 177, '2005-09-28 13:52:02', '2016-04-13 13:52:02'),
(178, 178, '2011-06-14 13:52:02', '2016-04-13 13:52:02'),
(179, 179, '2011-06-14 13:52:02', '2016-04-13 13:52:02'),
(180, 180, '2005-09-28 13:52:02', '2016-04-13 13:52:02'),
(181, 181, '2005-09-28 13:52:02', '2016-04-13 13:52:02'),
(182, 182, '2005-09-28 13:52:02', '2016-04-13 13:52:02'),
(183, 183, '2005-09-28 13:52:02', '2016-04-13 13:52:02'),
(184, 184, '2005-09-28 13:52:02', '2016-04-13 13:52:02'),
(185, 185, '2005-09-28 13:52:02', '2016-04-13 13:52:02'),
(186, 186, '2005-09-28 13:52:02', '2016-04-13 13:52:02'),
(187, 187, '2005-09-28 13:52:02', '2016-04-13 13:52:02'),
(188, 188, '2005-09-28 13:52:02', '2016-04-13 13:52:02'),
(189, 189, '2005-09-28 13:52:02', '2016-04-13 13:52:02'),
(190, 190, '2005-09-28 13:52:02', '2016-04-13 13:52:02'),
(191, 191, '2015-12-09 13:52:02', '2016-04-13 13:52:02'),
(192, 192, '2015-12-09 13:52:02', '2016-04-13 13:52:02'),
(193, 193, '2005-09-28 13:52:02', '2016-04-13 13:52:02'),
(194, 194, '2011-06-14 13:52:02', '2016-04-13 13:52:02'),
(195, 195, '2011-06-14 13:52:02', '2016-04-13 13:52:02'),
(196, 196, '2011-06-14 13:52:02', '2016-04-13 13:52:02'),
(197, 197, '2005-09-28 13:52:02', '2016-04-13 13:52:02'),
(198, 198, '2011-06-14 13:52:02', '2016-04-13 13:52:02'),
(199, 199, '2011-06-14 13:52:02', '2016-04-13 13:52:02'),
(200, 200, '2011-06-14 13:52:02', '2016-04-13 13:52:02'),
(201, 201, '2005-09-28 13:52:02', '2016-04-13 13:52:02'),
(202, 202, '2005-09-28 13:52:02', '2016-04-13 13:52:02'),
(203, 203, '2005-09-28 13:52:02', '2016-04-13 13:52:02'),
(204, 204, '2005-09-28 13:52:02', '2016-04-13 13:52:02'),
(205, 205, '2005-09-28 13:52:02', '2016-04-13 13:52:02'),
(206, 206, '2005-09-28 13:52:02', '2016-04-13 13:52:02'),
(207, 207, '2011-06-14 13:52:02', '2016-04-13 13:52:02'),
(208, 208, '2011-06-14 13:52:02', '2016-04-13 13:52:02'),
(209, 209, '2011-06-14 13:52:02', '2016-04-13 13:52:02'),
(210, 210, '2005-09-28 13:52:02', '2016-04-13 13:52:02'),
(211, 211, '2005-09-28 13:52:02', '2016-04-13 13:52:02'),
(212, 212, '2005-09-28 13:52:02', '2016-04-13 13:52:02'),
(213, 213, '2005-09-28 13:52:02', '2016-04-13 13:52:02'),
(214, 214, '2005-09-28 13:52:02', '2016-04-13 13:52:02'),
(215, 215, '2005-09-28 13:52:02', '2016-04-13 13:52:02'),
(216, 216, '2005-09-28 13:52:02', '2016-04-13 13:52:02'),
(217, 217, '2005-09-28 13:52:02', '2016-04-13 13:52:02'),
(218, 218, '2005-09-28 13:52:02', '2016-04-13 13:52:02'),
(219, 219, '2005-09-28 13:52:02', '2016-04-13 13:52:02'),
(220, 220, '2011-06-14 13:52:02', '2016-04-13 13:52:02'),
(221, 221, '2005-09-28 13:52:02', '2016-04-13 13:52:02'),
(222, 222, '2005-09-28 13:52:02', '2016-04-13 13:52:02'),
(223, 223, '2005-09-28 13:52:02', '2016-04-13 13:52:02'),
(224, 224, '2005-09-28 13:52:02', '2016-04-13 13:52:02'),
(225, 225, '2005-09-28 13:52:02', '2016-04-13 13:52:02'),
(226, 226, '2005-09-28 13:52:02', '2016-04-13 13:52:02'),
(227, 227, '2005-09-28 13:52:02', '2016-04-13 13:52:02'),
(228, 228, '2005-09-28 13:52:02', '2016-04-13 13:52:02'),
(229, 229, '2015-01-26 13:52:02', '2016-04-13 13:52:02'),
(230, 230, '2005-09-28 13:52:02', '2016-04-13 13:52:02'),
(231, 231, '2005-09-28 13:52:02', '2016-04-13 13:52:02'),
(232, 232, '2005-09-28 13:52:02', '2016-04-13 13:52:02'),
(233, 233, '2005-09-28 13:52:02', '2016-04-13 13:52:02'),
(234, 234, '2005-09-28 13:52:02', '2016-04-13 13:52:02'),
(235, 235, '2005-09-28 13:52:02', '2016-04-13 13:52:02'),
(236, 236, '2005-09-28 13:52:02', '2016-04-13 13:52:02'),
(237, 237, '2005-09-28 13:52:02', '2016-04-13 13:52:02'),
(238, 238, '2011-06-14 13:52:02', '2016-04-13 13:52:02'),
(239, 239, '2011-06-14 13:52:02', '2016-04-13 13:52:02'),
(240, 240, '2005-09-28 13:52:02', '2016-04-13 13:52:02'),
(241, 241, '2005-09-28 13:52:02', '2016-04-13 13:52:02'),
(242, 242, '2005-09-28 13:52:02', '2016-04-13 13:52:02'),
(243, 243, '2005-09-28 13:52:02', '2016-04-13 13:52:02'),
(244, 244, '2011-06-14 13:52:02', '2016-04-13 13:52:02'),
(245, 245, '2005-09-28 13:52:02', '2016-04-13 13:52:02'),
(246, 246, '2011-06-14 13:52:02', '2016-04-13 13:52:02'),
(247, 247, '2011-06-14 13:52:02', '2016-04-13 13:52:02'),
(248, 248, '2011-06-14 13:52:02', '2016-04-13 13:52:02'),
(249, 249, '2011-06-14 13:52:02', '2016-04-13 13:52:02'),
(250, 250, '2005-09-28 13:52:02', '2016-04-13 13:52:02'),
(251, 251, '2005-09-28 13:52:02', '2016-04-13 13:52:02'),
(252, 252, '2005-09-28 13:52:02', '2016-04-13 13:52:02'),
(253, 253, '2005-09-28 13:52:02', '2016-04-13 13:52:02'),
(254, 254, '2005-09-28 13:52:02', '2016-04-13 13:52:02'),
(255, 255, '2005-09-28 13:52:02', '2016-04-13 13:52:02'),
(256, 256, '2005-09-28 13:52:02', '2016-04-13 13:52:02'),
(257, 257, '2005-09-28 13:52:02', '2016-04-13 13:52:02'),
(258, 258, '2005-09-28 13:52:02', '2016-04-13 13:52:02'),
(259, 259, '2011-06-14 13:52:02', '2016-04-13 13:52:02'),
(260, 260, '2005-09-28 13:52:02', '2016-04-13 13:52:02'),
(261, 261, '2005-09-28 13:52:02', '2016-04-13 13:52:02'),
(262, 262, '2005-09-28 13:52:02', '2016-04-13 13:52:02'),
(263, 263, '2005-09-28 13:52:02', '2016-04-13 13:52:02'),
(264, 264, '2005-09-28 13:52:02', '2016-04-13 13:52:02'),
(265, 265, '2005-09-28 13:52:02', '2016-04-13 13:52:02'),
(266, 266, '2005-09-28 13:52:02', '2016-04-13 13:52:02'),
(267, 267, '2005-09-28 13:52:02', '2016-04-13 13:52:02'),
(268, 268, '2005-09-28 13:52:02', '2016-04-13 13:52:02'),
(269, 269, '2005-09-28 13:52:02', '2016-04-13 13:52:02'),
(270, 270, '2011-06-14 13:52:03', '2016-04-13 13:52:03'),
(271, 271, '2005-09-28 13:52:03', '2016-04-13 13:52:03'),
(272, 272, '2005-09-28 13:52:03', '2016-04-13 13:52:03'),
(273, 273, '2005-09-28 13:52:03', '2016-04-13 13:52:03'),
(274, 274, '2005-09-28 13:52:03', '2016-04-13 13:52:03'),
(275, 275, '2014-01-04 13:52:03', '2016-04-13 13:52:03'),
(276, 276, '2011-06-14 13:52:03', '2016-04-13 13:52:03'),
(277, 277, '2015-03-12 13:52:03', '2016-04-13 13:52:03'),
(278, 278, '2005-09-28 13:52:03', '2016-04-13 13:52:03'),
(279, 279, '2005-09-28 13:52:03', '2016-04-13 13:52:03'),
(280, 280, '2005-09-28 13:52:03', '2016-04-13 13:52:03'),
(281, 281, '2011-06-14 13:52:03', '2016-04-13 13:52:03'),
(282, 282, '2005-09-28 13:52:03', '2016-04-13 13:52:03'),
(283, 283, '2005-09-28 13:52:03', '2016-04-13 13:52:03'),
(284, 284, '2005-09-28 13:52:03', '2016-04-13 13:52:03'),
(285, 285, '2005-09-28 13:52:03', '2016-04-13 13:52:03'),
(286, 286, '2011-06-14 13:52:03', '2016-04-13 13:52:03'),
(287, 287, '2011-06-14 13:52:03', '2016-04-13 13:52:03'),
(288, 288, '2011-06-14 13:52:03', '2016-04-13 13:52:03'),
(289, 289, '2005-09-28 13:52:03', '2016-04-13 13:52:03'),
(290, 290, '2011-06-14 13:52:03', '2016-04-13 13:52:03'),
(291, 291, '2005-09-28 13:52:03', '2016-04-13 13:52:03'),
(292, 292, '2005-09-28 13:52:03', '2016-04-13 13:52:03'),
(293, 293, '2005-09-28 13:52:03', '2016-04-13 13:52:03'),
(294, 294, '2011-06-14 13:52:03', '2016-04-13 13:52:03'),
(295, 295, '2011-06-14 13:52:03', '2016-04-13 13:52:03'),
(296, 296, '2011-06-14 13:52:03', '2016-04-13 13:52:03'),
(297, 297, '2005-09-28 13:52:03', '2016-04-13 13:52:03'),
(298, 298, '2005-09-28 13:52:03', '2016-04-13 13:52:03'),
(299, 299, '2005-09-28 13:52:03', '2016-04-13 13:52:03'),
(300, 300, '2011-06-14 13:52:03', '2016-04-13 13:52:03'),
(301, 301, '2011-06-14 13:52:03', '2016-04-13 13:52:03'),
(302, 302, '2005-09-28 13:52:03', '2016-04-13 13:52:03'),
(303, 303, '2005-09-28 13:52:03', '2016-04-13 13:52:03'),
(304, 304, '2011-06-14 13:52:03', '2016-04-13 13:52:03'),
(305, 305, '2005-09-28 13:52:03', '2016-04-13 13:52:03'),
(306, 306, '2005-09-28 13:52:03', '2016-04-13 13:52:03'),
(307, 307, '2005-09-28 13:52:03', '2016-04-13 13:52:03'),
(308, 308, '2005-09-28 13:52:03', '2016-04-13 13:52:03'),
(309, 309, '2011-06-14 13:52:03', '2016-04-13 13:52:03'),
(310, 310, '2005-09-28 13:52:03', '2016-04-13 13:52:03'),
(311, 311, '2011-06-14 13:52:03', '2016-04-13 13:52:03'),
(312, 312, '2005-09-28 13:52:03', '2016-04-13 13:52:03'),
(313, 313, '2005-09-28 13:52:03', '2016-04-13 13:52:03'),
(314, 314, '2005-09-28 13:52:03', '2016-04-13 13:52:03'),
(315, 315, '2005-09-28 13:52:03', '2016-04-13 13:52:03'),
(316, 316, '2005-09-28 13:52:03', '2016-04-13 13:52:03'),
(317, 317, '2011-06-14 13:52:03', '2016-04-13 13:52:03'),
(318, 318, '2011-06-14 13:52:03', '2016-04-13 13:52:03'),
(319, 319, '2011-06-14 13:52:03', '2016-04-13 13:52:03'),
(320, 320, '2011-06-14 13:52:03', '2016-04-13 13:52:03'),
(321, 321, '2011-06-14 13:52:03', '2016-04-13 13:52:03'),
(322, 322, '2011-06-14 13:52:03', '2016-04-13 13:52:03'),
(323, 323, '2011-06-14 13:52:03', '2016-04-13 13:52:03'),
(324, 324, '2011-06-14 13:52:03', '2016-04-13 13:52:03'),
(325, 325, '2016-02-28 13:52:03', '2016-04-13 13:52:03'),
(326, 326, '2005-09-28 13:52:03', '2016-04-13 13:52:03'),
(327, 327, '2005-09-28 13:52:03', '2016-04-13 13:52:03'),
(328, 328, '2005-09-28 13:52:03', '2016-04-13 13:52:03'),
(329, 329, '2005-09-28 13:52:03', '2016-04-13 13:52:03'),
(330, 330, '2005-09-28 13:52:03', '2016-04-13 13:52:03'),
(331, 331, '2015-07-16 13:52:03', '2016-04-13 13:52:03'),
(332, 332, '2011-06-14 13:52:03', '2016-04-13 13:52:03'),
(2, 334, '2016-04-13 13:52:03', '2016-04-13 13:52:03'),
(3, 335, '2016-04-13 13:52:03', '2016-04-13 13:52:03'),
(5, 336, '2016-04-13 13:52:03', '2016-04-13 13:52:03'),
(7, 337, '2016-04-13 13:52:03', '2016-04-13 13:52:03'),
(8, 338, '2016-04-13 13:52:03', '2016-04-13 13:52:03'),
(13, 339, '2016-04-13 13:52:03', '2016-04-13 13:52:03'),
(16, 340, '2016-04-13 13:52:03', '2016-04-13 13:52:03'),
(17, 341, '2016-04-13 13:52:03', '2016-04-13 13:52:03'),
(18, 342, '2016-04-13 13:52:03', '2016-04-13 13:52:03'),
(19, 343, '2016-04-13 13:52:03', '2016-04-13 13:52:03'),
(20, 344, '2016-04-13 13:52:03', '2016-04-13 13:52:03'),
(22, 345, '2016-04-13 13:52:03', '2016-04-13 13:52:03'),
(23, 346, '2016-04-13 13:52:03', '2016-04-13 13:52:03'),
(24, 347, '2016-04-13 13:52:03', '2016-04-13 13:52:03'),
(25, 348, '2016-04-13 13:52:03', '2016-04-13 13:52:03'),
(29, 349, '2016-04-13 13:52:03', '2016-04-13 13:52:03'),
(33, 350, '2016-04-13 13:52:03', '2016-04-13 13:52:03'),
(39, 351, '2016-04-13 13:52:03', '2016-04-13 13:52:03'),
(41, 352, '2016-04-13 13:52:03', '2016-04-13 13:52:03'),
(44, 353, '2016-04-13 13:52:03', '2016-04-13 13:52:03'),
(45, 354, '2016-04-13 13:52:03', '2016-04-13 13:52:03'),
(46, 355, '2016-04-13 13:52:03', '2016-04-13 13:52:03'),
(47, 356, '2016-04-13 13:52:03', '2016-04-13 13:52:03'),
(48, 357, '2016-04-13 13:52:03', '2016-04-13 13:52:03'),
(49, 358, '2016-04-13 13:52:03', '2016-04-13 13:52:03'),
(50, 359, '2016-04-13 13:52:03', '2016-04-13 13:52:03'),
(51, 360, '2016-04-13 13:52:03', '2016-04-13 13:52:03'),
(52, 361, '2016-04-13 13:52:03', '2016-04-13 13:52:03'),
(53, 362, '2016-04-13 13:52:03', '2016-04-13 13:52:03'),
(54, 363, '2016-04-13 13:52:03', '2016-04-13 13:52:03'),
(55, 364, '2016-04-13 13:52:03', '2016-04-13 13:52:03'),
(56, 365, '2016-04-13 13:52:03', '2016-04-13 13:52:03'),
(57, 366, '2016-04-13 13:52:03', '2016-04-13 13:52:03'),
(58, 367, '2016-04-13 13:52:03', '2016-04-13 13:52:03'),
(59, 368, '2016-04-13 13:52:03', '2016-04-13 13:52:03'),
(60, 369, '2016-04-13 13:52:03', '2016-04-13 13:52:03'),
(61, 370, '2016-04-13 13:52:03', '2016-04-13 13:52:03'),
(62, 371, '2016-04-13 13:52:03', '2016-04-13 13:52:03'),
(63, 372, '2016-04-13 13:52:03', '2016-04-13 13:52:03'),
(64, 373, '2016-04-13 13:52:03', '2016-04-13 13:52:03'),
(65, 374, '2016-04-13 13:52:03', '2016-04-13 13:52:03'),
(66, 375, '2016-04-13 13:52:03', '2016-04-13 13:52:03'),
(67, 376, '2016-04-13 13:52:03', '2016-04-13 13:52:03'),
(68, 377, '2016-04-13 13:52:03', '2016-04-13 13:52:03'),
(69, 378, '2016-04-13 13:52:03', '2016-04-13 13:52:03'),
(70, 379, '2016-04-13 13:52:03', '2016-04-13 13:52:03'),
(71, 380, '2016-04-13 13:52:03', '2016-04-13 13:52:03'),
(72, 381, '2016-04-13 13:52:03', '2016-04-13 13:52:03'),
(73, 382, '2016-04-13 13:52:03', '2016-04-13 13:52:03'),
(74, 383, '2016-04-13 13:52:03', '2016-04-13 13:52:03'),
(75, 384, '2016-04-13 13:52:03', '2016-04-13 13:52:03'),
(76, 385, '2016-04-13 13:52:03', '2016-04-13 13:52:03'),
(77, 386, '2016-04-13 13:52:03', '2016-04-13 13:52:03'),
(78, 387, '2016-04-13 13:52:03', '2016-04-13 13:52:03'),
(79, 388, '2016-04-13 13:52:03', '2016-04-13 13:52:03'),
(80, 389, '2016-04-13 13:52:03', '2016-04-13 13:52:03'),
(81, 390, '2016-04-13 13:52:03', '2016-04-13 13:52:03'),
(82, 391, '2016-04-13 13:52:03', '2016-04-13 13:52:03'),
(83, 392, '2016-04-13 13:52:03', '2016-04-13 13:52:03'),
(84, 393, '2016-04-13 13:52:03', '2016-04-13 13:52:03'),
(85, 394, '2016-04-13 13:52:03', '2016-04-13 13:52:03'),
(86, 395, '2016-04-13 13:52:03', '2016-04-13 13:52:03'),
(87, 396, '2016-04-13 13:52:03', '2016-04-13 13:52:03'),
(88, 397, '2016-04-13 13:52:03', '2016-04-13 13:52:03'),
(89, 398, '2016-04-13 13:52:03', '2016-04-13 13:52:03'),
(91, 399, '2016-04-13 13:52:03', '2016-04-13 13:52:03'),
(92, 400, '2016-04-13 13:52:03', '2016-04-13 13:52:03'),
(93, 401, '2016-04-13 13:52:03', '2016-04-13 13:52:03'),
(94, 402, '2016-04-13 13:52:03', '2016-04-13 13:52:03'),
(95, 403, '2016-04-13 13:52:03', '2016-04-13 13:52:03'),
(97, 404, '2016-04-13 13:52:03', '2016-04-13 13:52:03'),
(99, 405, '2016-04-13 13:52:03', '2016-04-13 13:52:03'),
(100, 406, '2016-04-13 13:52:03', '2016-04-13 13:52:03'),
(101, 407, '2016-04-13 13:52:03', '2016-04-13 13:52:03'),
(102, 408, '2016-04-13 13:52:03', '2016-04-13 13:52:03'),
(103, 409, '2016-04-13 13:52:03', '2016-04-13 13:52:03'),
(104, 410, '2016-04-13 13:52:03', '2016-04-13 13:52:03'),
(105, 411, '2016-04-13 13:52:03', '2016-04-13 13:52:03'),
(106, 412, '2016-04-13 13:52:03', '2016-04-13 13:52:03'),
(107, 413, '2016-04-13 13:52:03', '2016-04-13 13:52:03'),
(108, 414, '2016-04-13 13:52:03', '2016-04-13 13:52:03'),
(109, 415, '2016-04-13 13:52:03', '2016-04-13 13:52:03'),
(110, 416, '2016-04-13 13:52:03', '2016-04-13 13:52:03'),
(111, 417, '2016-04-13 13:52:03', '2016-04-13 13:52:03'),
(114, 418, '2016-04-13 13:52:03', '2016-04-13 13:52:03'),
(115, 419, '2016-04-13 13:52:03', '2016-04-13 13:52:03'),
(116, 420, '2016-04-13 13:52:03', '2016-04-13 13:52:03'),
(117, 421, '2016-04-13 13:52:03', '2016-04-13 13:52:03'),
(118, 422, '2016-04-13 13:52:03', '2016-04-13 13:52:03'),
(119, 423, '2016-04-13 13:52:03', '2016-04-13 13:52:03'),
(120, 424, '2016-04-13 13:52:03', '2016-04-13 13:52:03'),
(121, 425, '2016-04-13 13:52:03', '2016-04-13 13:52:03'),
(122, 426, '2016-04-13 13:52:03', '2016-04-13 13:52:03'),
(123, 427, '2016-04-13 13:52:03', '2016-04-13 13:52:03'),
(124, 428, '2016-04-13 13:52:03', '2016-04-13 13:52:03'),
(125, 429, '2016-04-13 13:52:03', '2016-04-13 13:52:03'),
(126, 430, '2016-04-13 13:52:03', '2016-04-13 13:52:03'),
(127, 431, '2016-04-13 13:52:03', '2016-04-13 13:52:03'),
(131, 432, '2016-04-13 13:52:03', '2016-04-13 13:52:03'),
(132, 433, '2016-04-13 13:52:03', '2016-04-13 13:52:03'),
(133, 434, '2016-04-13 13:52:03', '2016-04-13 13:52:03'),
(134, 435, '2016-04-13 13:52:03', '2016-04-13 13:52:03'),
(135, 436, '2016-04-13 13:52:03', '2016-04-13 13:52:03'),
(136, 437, '2016-04-13 13:52:03', '2016-04-13 13:52:03'),
(137, 438, '2016-04-13 13:52:03', '2016-04-13 13:52:03'),
(138, 439, '2016-04-13 13:52:03', '2016-04-13 13:52:03'),
(139, 440, '2016-04-13 13:52:03', '2016-04-13 13:52:03'),
(140, 441, '2016-04-13 13:52:03', '2016-04-13 13:52:03'),
(141, 442, '2016-04-13 13:52:03', '2016-04-13 13:52:03'),
(142, 443, '2016-04-13 13:52:03', '2016-04-13 13:52:03'),
(143, 444, '2016-04-13 13:52:03', '2016-04-13 13:52:03'),
(144, 445, '2016-04-13 13:52:03', '2016-04-13 13:52:03'),
(145, 446, '2016-04-13 13:52:03', '2016-04-13 13:52:03'),
(146, 447, '2016-04-13 13:52:03', '2016-04-13 13:52:03'),
(147, 448, '2016-04-13 13:52:03', '2016-04-13 13:52:03'),
(148, 449, '2016-04-13 13:52:03', '2016-04-13 13:52:03'),
(150, 450, '2016-04-13 13:52:03', '2016-04-13 13:52:03'),
(151, 451, '2016-04-13 13:52:03', '2016-04-13 13:52:03'),
(152, 452, '2016-04-13 13:52:03', '2016-04-13 13:52:03'),
(153, 453, '2016-04-13 13:52:03', '2016-04-13 13:52:03'),
(155, 454, '2016-04-13 13:52:03', '2016-04-13 13:52:03'),
(158, 455, '2016-04-13 13:52:03', '2016-04-13 13:52:03'),
(159, 456, '2016-04-13 13:52:03', '2016-04-13 13:52:03'),
(160, 457, '2016-04-13 13:52:03', '2016-04-13 13:52:03'),
(161, 458, '2016-04-13 13:52:03', '2016-04-13 13:52:03'),
(162, 459, '2016-04-13 13:52:03', '2016-04-13 13:52:03'),
(163, 460, '2016-04-13 13:52:03', '2016-04-13 13:52:03'),
(164, 461, '2016-04-13 13:52:03', '2016-04-13 13:52:03'),
(165, 462, '2016-04-13 13:52:03', '2016-04-13 13:52:03'),
(166, 463, '2016-04-13 13:52:03', '2016-04-13 13:52:03'),
(167, 464, '2016-04-13 13:52:03', '2016-04-13 13:52:03'),
(168, 465, '2016-04-13 13:52:03', '2016-04-13 13:52:03'),
(169, 466, '2016-04-13 13:52:03', '2016-04-13 13:52:03'),
(170, 467, '2016-04-13 13:52:03', '2016-04-13 13:52:03'),
(171, 468, '2016-04-13 13:52:03', '2016-04-13 13:52:03'),
(172, 469, '2016-04-13 13:52:03', '2016-04-13 13:52:03'),
(173, 470, '2016-04-13 13:52:03', '2016-04-13 13:52:03'),
(174, 471, '2016-04-13 13:52:03', '2016-04-13 13:52:03'),
(175, 472, '2016-04-13 13:52:03', '2016-04-13 13:52:03'),
(176, 473, '2016-04-13 13:52:03', '2016-04-13 13:52:03'),
(177, 474, '2016-04-13 13:52:03', '2016-04-13 13:52:03'),
(180, 475, '2016-04-13 13:52:03', '2016-04-13 13:52:03'),
(181, 476, '2016-04-13 13:52:03', '2016-04-13 13:52:03'),
(182, 477, '2016-04-13 13:52:03', '2016-04-13 13:52:03'),
(184, 478, '2016-04-13 13:52:03', '2016-04-13 13:52:03'),
(185, 479, '2016-04-13 13:52:03', '2016-04-13 13:52:03'),
(186, 480, '2016-04-13 13:52:03', '2016-04-13 13:52:03'),
(187, 481, '2016-04-13 13:52:03', '2016-04-13 13:52:03'),
(188, 482, '2016-04-13 13:52:03', '2016-04-13 13:52:03'),
(189, 483, '2016-04-13 13:52:03', '2016-04-13 13:52:03'),
(190, 484, '2016-04-13 13:52:03', '2016-04-13 13:52:03'),
(191, 485, '2016-04-13 13:52:03', '2016-04-13 13:52:03'),
(192, 486, '2016-04-13 13:52:03', '2016-04-13 13:52:03'),
(197, 487, '2016-04-13 13:52:03', '2016-04-13 13:52:03'),
(201, 488, '2016-04-13 13:52:03', '2016-04-13 13:52:03'),
(202, 489, '2016-04-13 13:52:03', '2016-04-13 13:52:03'),
(203, 490, '2016-04-13 13:52:03', '2016-04-13 13:52:03'),
(204, 491, '2016-04-13 13:52:03', '2016-04-13 13:52:03'),
(205, 492, '2016-04-13 13:52:03', '2016-04-13 13:52:03'),
(206, 493, '2016-04-13 13:52:03', '2016-04-13 13:52:03'),
(210, 494, '2016-04-13 13:52:03', '2016-04-13 13:52:03'),
(211, 495, '2016-04-13 13:52:03', '2016-04-13 13:52:03'),
(212, 496, '2016-04-13 13:52:03', '2016-04-13 13:52:03'),
(214, 497, '2016-04-13 13:52:03', '2016-04-13 13:52:03'),
(215, 498, '2016-04-13 13:52:03', '2016-04-13 13:52:03'),
(216, 499, '2016-04-13 13:52:03', '2016-04-13 13:52:03'),
(217, 500, '2016-04-13 13:52:03', '2016-04-13 13:52:03'),
(218, 501, '2016-04-13 13:52:03', '2016-04-13 13:52:03'),
(219, 502, '2016-04-13 13:52:03', '2016-04-13 13:52:03'),
(221, 503, '2016-04-13 13:52:03', '2016-04-13 13:52:03'),
(222, 504, '2016-04-13 13:52:03', '2016-04-13 13:52:03'),
(223, 505, '2016-04-13 13:52:03', '2016-04-13 13:52:03'),
(224, 506, '2016-04-13 13:52:03', '2016-04-13 13:52:03'),
(225, 507, '2016-04-13 13:52:03', '2016-04-13 13:52:03'),
(226, 508, '2016-04-13 13:52:03', '2016-04-13 13:52:03'),
(227, 509, '2016-04-13 13:52:03', '2016-04-13 13:52:03'),
(228, 510, '2016-04-13 13:52:03', '2016-04-13 13:52:03'),
(230, 511, '2016-04-13 13:52:03', '2016-04-13 13:52:03'),
(231, 512, '2016-04-13 13:52:03', '2016-04-13 13:52:03'),
(232, 513, '2016-04-13 13:52:03', '2016-04-13 13:52:03'),
(233, 514, '2016-04-13 13:52:03', '2016-04-13 13:52:03'),
(234, 515, '2016-04-13 13:52:03', '2016-04-13 13:52:03'),
(235, 516, '2016-04-13 13:52:03', '2016-04-13 13:52:03'),
(236, 517, '2016-04-13 13:52:03', '2016-04-13 13:52:03'),
(237, 518, '2016-04-13 13:52:03', '2016-04-13 13:52:03'),
(240, 519, '2016-04-13 13:52:03', '2016-04-13 13:52:03'),
(241, 520, '2016-04-13 13:52:03', '2016-04-13 13:52:03'),
(242, 521, '2016-04-13 13:52:03', '2016-04-13 13:52:03'),
(243, 522, '2016-04-13 13:52:03', '2016-04-13 13:52:03'),
(245, 523, '2016-04-13 13:52:03', '2016-04-13 13:52:03'),
(250, 524, '2016-04-13 13:52:03', '2016-04-13 13:52:03'),
(251, 525, '2016-04-13 13:52:03', '2016-04-13 13:52:03'),
(252, 526, '2016-04-13 13:52:03', '2016-04-13 13:52:03'),
(253, 527, '2016-04-13 13:52:03', '2016-04-13 13:52:03'),
(254, 528, '2016-04-13 13:52:03', '2016-04-13 13:52:03'),
(255, 529, '2016-04-13 13:52:03', '2016-04-13 13:52:03'),
(256, 530, '2016-04-13 13:52:03', '2016-04-13 13:52:03'),
(257, 531, '2016-04-13 13:52:03', '2016-04-13 13:52:03'),
(258, 532, '2016-04-13 13:52:03', '2016-04-13 13:52:03'),
(260, 533, '2016-04-13 13:52:03', '2016-04-13 13:52:03'),
(261, 534, '2016-04-13 13:52:03', '2016-04-13 13:52:03'),
(262, 535, '2016-04-13 13:52:03', '2016-04-13 13:52:03'),
(263, 536, '2016-04-13 13:52:03', '2016-04-13 13:52:03'),
(264, 537, '2016-04-13 13:52:03', '2016-04-13 13:52:03'),
(266, 538, '2016-04-13 13:52:03', '2016-04-13 13:52:03'),
(267, 539, '2016-04-13 13:52:03', '2016-04-13 13:52:03'),
(268, 540, '2016-04-13 13:52:03', '2016-04-13 13:52:03'),
(269, 541, '2016-04-13 13:52:03', '2016-04-13 13:52:03'),
(271, 542, '2016-04-13 13:52:03', '2016-04-13 13:52:03'),
(272, 543, '2016-04-13 13:52:03', '2016-04-13 13:52:03'),
(273, 544, '2016-04-13 13:52:03', '2016-04-13 13:52:03'),
(274, 545, '2016-04-13 13:52:03', '2016-04-13 13:52:03'),
(275, 546, '2016-04-13 13:52:03', '2016-04-13 13:52:03'),
(277, 547, '2016-04-13 13:52:03', '2016-04-13 13:52:03'),
(278, 548, '2016-04-13 13:52:03', '2016-04-13 13:52:03'),
(279, 549, '2016-04-13 13:52:03', '2016-04-13 13:52:03'),
(280, 550, '2016-04-13 13:52:03', '2016-04-13 13:52:03'),
(282, 551, '2016-04-13 13:52:03', '2016-04-13 13:52:03'),
(283, 552, '2016-04-13 13:52:03', '2016-04-13 13:52:03'),
(284, 553, '2016-04-13 13:52:03', '2016-04-13 13:52:03'),
(285, 554, '2016-04-13 13:52:03', '2016-04-13 13:52:03'),
(289, 555, '2016-04-13 13:52:03', '2016-04-13 13:52:03'),
(293, 556, '2016-04-13 13:52:03', '2016-04-13 13:52:03'),
(297, 557, '2016-04-13 13:52:03', '2016-04-13 13:52:03'),
(298, 558, '2016-04-13 13:52:03', '2016-04-13 13:52:03'),
(299, 559, '2016-04-13 13:52:03', '2016-04-13 13:52:03'),
(302, 560, '2016-04-13 13:52:03', '2016-04-13 13:52:03'),
(303, 561, '2016-04-13 13:52:03', '2016-04-13 13:52:03'),
(305, 562, '2016-04-13 13:52:03', '2016-04-13 13:52:03'),
(306, 563, '2016-04-13 13:52:03', '2016-04-13 13:52:03'),
(307, 564, '2016-04-13 13:52:03', '2016-04-13 13:52:03'),
(308, 565, '2016-04-13 13:52:03', '2016-04-13 13:52:03'),
(312, 566, '2016-04-13 13:52:03', '2016-04-13 13:52:03'),
(313, 567, '2016-04-13 13:52:03', '2016-04-13 13:52:03'),
(314, 568, '2016-04-13 13:52:03', '2016-04-13 13:52:03'),
(315, 569, '2016-04-13 13:52:03', '2016-04-13 13:52:03'),
(316, 570, '2016-04-13 13:52:03', '2016-04-13 13:52:03');

-- --------------------------------------------------------

--
-- Table structure for table `migrations`
--

CREATE TABLE `migrations` (
  `migration` varchar(255) COLLATE utf8_unicode_ci NOT NULL,
  `batch` int(11) NOT NULL
) ENGINE=InnoDB DEFAULT CHARSET=utf8 COLLATE=utf8_unicode_ci;

--
-- Dumping data for table `migrations`
--

INSERT INTO `migrations` (`migration`, `batch`) VALUES
('2014_10_12_000000_create_users_table', 1),
('2014_10_12_100000_create_password_resets_table', 1),
('2015_06_27_181053_create-roles', 1),
('2015_06_27_181105_create-role-user', 1),
('2015_06_27_183301_create-social-logins', 1),
('2016_03_01_053037_create-food-product', 1),
('2016_03_01_053305_create-ingredient', 1),
('2016_03_01_053330_create-certificate', 1),
('2016_03_29_144718_create-halal-sources', 1);

-- --------------------------------------------------------

--
-- Table structure for table `password_resets`
--

CREATE TABLE `password_resets` (
  `id` int(10) UNSIGNED NOT NULL,
  `email` varchar(255) COLLATE utf8_unicode_ci NOT NULL,
  `token` varchar(255) COLLATE utf8_unicode_ci NOT NULL,
  `created_at` timestamp NOT NULL DEFAULT '0000-00-00 00:00:00'
) ENGINE=InnoDB DEFAULT CHARSET=utf8 COLLATE=utf8_unicode_ci;

-- --------------------------------------------------------

--
-- Table structure for table `roles`
--

CREATE TABLE `roles` (
  `id` int(10) UNSIGNED NOT NULL,
  `name` text COLLATE utf8_unicode_ci NOT NULL,
  `created_at` timestamp NOT NULL DEFAULT '0000-00-00 00:00:00',
  `updated_at` timestamp NOT NULL DEFAULT '0000-00-00 00:00:00'
) ENGINE=InnoDB DEFAULT CHARSET=utf8 COLLATE=utf8_unicode_ci;

--
-- Dumping data for table `roles`
--

INSERT INTO `roles` (`id`, `name`, `created_at`, `updated_at`) VALUES
(1, 'user', '2016-04-13 13:52:01', '2016-04-13 13:52:01'),
(2, 'administrator', '2016-04-13 13:52:01', '2016-04-13 13:52:01');

-- --------------------------------------------------------

--
-- Table structure for table `role_user`
--

CREATE TABLE `role_user` (
  `id` int(10) UNSIGNED NOT NULL,
  `user_id` int(10) UNSIGNED NOT NULL,
  `role_id` int(10) UNSIGNED NOT NULL,
  `created_at` timestamp NOT NULL DEFAULT '0000-00-00 00:00:00',
  `updated_at` timestamp NOT NULL DEFAULT '0000-00-00 00:00:00'
) ENGINE=InnoDB DEFAULT CHARSET=utf8 COLLATE=utf8_unicode_ci;

--
-- Dumping data for table `role_user`
--

INSERT INTO `role_user` (`id`, `user_id`, `role_id`, `created_at`, `updated_at`) VALUES
(1, 1, 2, '2016-04-13 13:52:01', '2016-04-13 13:52:01'),
(2, 2, 1, '2016-04-13 13:52:02', '2016-04-13 13:52:02'),
(3, 3, 1, '2016-04-26 07:01:11', '2016-04-26 07:01:11');

-- --------------------------------------------------------

--
-- Table structure for table `social_logins`
--

CREATE TABLE `social_logins` (
  `id` int(10) UNSIGNED NOT NULL,
  `user_id` int(10) UNSIGNED NOT NULL,
  `provider` varchar(32) COLLATE utf8_unicode_ci NOT NULL,
  `social_id` text COLLATE utf8_unicode_ci NOT NULL,
  `created_at` timestamp NOT NULL DEFAULT '0000-00-00 00:00:00',
  `updated_at` timestamp NOT NULL DEFAULT '0000-00-00 00:00:00'
) ENGINE=InnoDB DEFAULT CHARSET=utf8 COLLATE=utf8_unicode_ci;

--
-- Dumping data for table `social_logins`
--

INSERT INTO `social_logins` (`id`, `user_id`, `provider`, `social_id`, `created_at`, `updated_at`) VALUES
(1, 3, 'google', '113641572024497294644', '2016-04-26 07:01:11', '2016-04-26 07:01:11');

-- --------------------------------------------------------

--
-- Table structure for table `users`
--

CREATE TABLE `users` (
  `id` int(10) UNSIGNED NOT NULL,
  `first_name` varchar(255) COLLATE utf8_unicode_ci NOT NULL,
  `last_name` varchar(255) COLLATE utf8_unicode_ci NOT NULL,
  `email` varchar(255) COLLATE utf8_unicode_ci DEFAULT NULL,
  `password` varchar(60) COLLATE utf8_unicode_ci DEFAULT NULL,
  `remember_token` varchar(100) COLLATE utf8_unicode_ci DEFAULT NULL,
  `created_at` timestamp NOT NULL DEFAULT '0000-00-00 00:00:00',
  `updated_at` timestamp NOT NULL DEFAULT '0000-00-00 00:00:00'
) ENGINE=InnoDB DEFAULT CHARSET=utf8 COLLATE=utf8_unicode_ci;

--
-- Dumping data for table `users`
--

INSERT INTO `users` (`id`, `first_name`, `last_name`, `email`, `password`, `remember_token`, `created_at`, `updated_at`) VALUES
(1, 'Admin', 'Istrator', 'admin@halalnutritionfood.com', '$2y$10$zgVISmeSrGLozYwWY4ne4O.SQTwNYMgt8vNsJKPqoQl6n9mtqEp2y', 'DYiqXUcjIR1tghSQ2wBleftbdlxy0bygcHp8x22FT14PoANYLuFm8uVuXZEk', '2016-04-13 13:52:01', '2016-04-29 13:07:33'),
(2, 'User', 'User', 'user@halalnutritionfood.com', '$2y$10$0DO2hzYd1.XgowGvCaimI.VWugBmaLdpM1SL5dne/0lcZsdVydsH2', '7YFKTWvyOp3uWfvsLHOARZ89VeUSOjWNEHDzf7YPihDBerPwVTy6KGeEtbS5', '2016-04-13 13:52:02', '2016-04-25 04:42:48'),
(3, 'Jauhar', 'Fatawi', 'jauhar.fatawi@gmail.com', NULL, '99ZCcAtpmX45grdt17Bnp6QA3MIH2hrYqeQY2MmaOVPD0ADmsgizWq6boxa1', '2016-04-26 07:01:11', '2016-05-03 05:22:26');

--
-- Indexes for dumped tables
--

--
-- Indexes for table `certificates`
--
ALTER TABLE `certificates`
  ADD PRIMARY KEY (`id`);

--
-- Indexes for table `foodProducts`
--
ALTER TABLE `foodProducts`
  ADD PRIMARY KEY (`id`),
  ADD KEY `foodproducts_user_id_index` (`user_id`);

--
-- Indexes for table `foodProduct_certificate`
--
ALTER TABLE `foodProduct_certificate`
  ADD KEY `foodproduct_certificate_foodproduct_id_index` (`foodProduct_id`),
  ADD KEY `foodproduct_certificate_certificate_id_index` (`certificate_id`);

--
-- Indexes for table `foodProduct_ingredient`
--
ALTER TABLE `foodProduct_ingredient`
  ADD KEY `foodproduct_ingredient_foodproduct_id_index` (`foodProduct_id`),
  ADD KEY `foodproduct_ingredient_ingredient_id_index` (`ingredient_id`);

--
-- Indexes for table `halalSources`
--
ALTER TABLE `halalSources`
  ADD PRIMARY KEY (`id`);

--
-- Indexes for table `ingredients`
--
ALTER TABLE `ingredients`
  ADD PRIMARY KEY (`id`);

--
-- Indexes for table `ingredient_halal`
--
ALTER TABLE `ingredient_halal`
  ADD KEY `ingredient_halal_ingredient_id_index` (`ingredient_id`),
  ADD KEY `ingredient_halal_halal_id_index` (`halal_id`);

--
-- Indexes for table `password_resets`
--
ALTER TABLE `password_resets`
  ADD PRIMARY KEY (`id`),
  ADD KEY `password_resets_email_index` (`email`),
  ADD KEY `password_resets_token_index` (`token`);

--
-- Indexes for table `roles`
--
ALTER TABLE `roles`
  ADD PRIMARY KEY (`id`);

--
-- Indexes for table `role_user`
--
ALTER TABLE `role_user`
  ADD PRIMARY KEY (`id`),
  ADD KEY `role_user_user_id_index` (`user_id`),
  ADD KEY `role_user_role_id_index` (`role_id`);

--
-- Indexes for table `social_logins`
--
ALTER TABLE `social_logins`
  ADD PRIMARY KEY (`id`),
  ADD KEY `social_logins_user_id_index` (`user_id`);

--
-- Indexes for table `users`
--
ALTER TABLE `users`
  ADD PRIMARY KEY (`id`),
  ADD UNIQUE KEY `users_email_unique` (`email`);

--
-- AUTO_INCREMENT for dumped tables
--

--
-- AUTO_INCREMENT for table `certificates`
--
ALTER TABLE `certificates`
  MODIFY `id` int(10) UNSIGNED NOT NULL AUTO_INCREMENT, AUTO_INCREMENT=15;
--
-- AUTO_INCREMENT for table `foodProducts`
--
ALTER TABLE `foodProducts`
  MODIFY `id` int(10) UNSIGNED NOT NULL AUTO_INCREMENT, AUTO_INCREMENT=17;
--
-- AUTO_INCREMENT for table `halalSources`
--
ALTER TABLE `halalSources`
  MODIFY `id` int(10) UNSIGNED NOT NULL AUTO_INCREMENT, AUTO_INCREMENT=571;
--
-- AUTO_INCREMENT for table `ingredients`
--
ALTER TABLE `ingredients`
  MODIFY `id` int(10) UNSIGNED NOT NULL AUTO_INCREMENT, AUTO_INCREMENT=402;
--
-- AUTO_INCREMENT for table `password_resets`
--
ALTER TABLE `password_resets`
  MODIFY `id` int(10) UNSIGNED NOT NULL AUTO_INCREMENT;
--
-- AUTO_INCREMENT for table `roles`
--
ALTER TABLE `roles`
  MODIFY `id` int(10) UNSIGNED NOT NULL AUTO_INCREMENT, AUTO_INCREMENT=3;
--
-- AUTO_INCREMENT for table `role_user`
--
ALTER TABLE `role_user`
  MODIFY `id` int(10) UNSIGNED NOT NULL AUTO_INCREMENT, AUTO_INCREMENT=4;
--
-- AUTO_INCREMENT for table `social_logins`
--
ALTER TABLE `social_logins`
  MODIFY `id` int(10) UNSIGNED NOT NULL AUTO_INCREMENT, AUTO_INCREMENT=2;
--
-- AUTO_INCREMENT for table `users`
--
ALTER TABLE `users`
  MODIFY `id` int(10) UNSIGNED NOT NULL AUTO_INCREMENT, AUTO_INCREMENT=4;
--
-- Constraints for dumped tables
--

--
-- Constraints for table `foodProducts`
--
ALTER TABLE `foodProducts`
  ADD CONSTRAINT `foodproducts_user_id_foreign` FOREIGN KEY (`user_id`) REFERENCES `users` (`id`) ON DELETE CASCADE;

--
-- Constraints for table `foodProduct_certificate`
--
ALTER TABLE `foodProduct_certificate`
  ADD CONSTRAINT `foodproduct_certificate_certificate_id_foreign` FOREIGN KEY (`certificate_id`) REFERENCES `certificates` (`id`) ON DELETE CASCADE,
  ADD CONSTRAINT `foodproduct_certificate_foodproduct_id_foreign` FOREIGN KEY (`foodProduct_id`) REFERENCES `foodProducts` (`id`) ON DELETE CASCADE;

--
-- Constraints for table `foodProduct_ingredient`
--
ALTER TABLE `foodProduct_ingredient`
  ADD CONSTRAINT `foodproduct_ingredient_foodproduct_id_foreign` FOREIGN KEY (`foodProduct_id`) REFERENCES `foodProducts` (`id`) ON DELETE CASCADE,
  ADD CONSTRAINT `foodproduct_ingredient_ingredient_id_foreign` FOREIGN KEY (`ingredient_id`) REFERENCES `ingredients` (`id`) ON DELETE CASCADE;

--
-- Constraints for table `ingredient_halal`
--
ALTER TABLE `ingredient_halal`
  ADD CONSTRAINT `ingredient_halal_halal_id_foreign` FOREIGN KEY (`halal_id`) REFERENCES `halalSources` (`id`) ON DELETE CASCADE,
  ADD CONSTRAINT `ingredient_halal_ingredient_id_foreign` FOREIGN KEY (`ingredient_id`) REFERENCES `ingredients` (`id`) ON DELETE CASCADE;

--
-- Constraints for table `role_user`
--
ALTER TABLE `role_user`
  ADD CONSTRAINT `role_user_role_id_foreign` FOREIGN KEY (`role_id`) REFERENCES `roles` (`id`) ON DELETE NO ACTION,
  ADD CONSTRAINT `role_user_user_id_foreign` FOREIGN KEY (`user_id`) REFERENCES `users` (`id`) ON DELETE CASCADE;

--
-- Constraints for table `social_logins`
--
ALTER TABLE `social_logins`
  ADD CONSTRAINT `social_logins_user_id_foreign` FOREIGN KEY (`user_id`) REFERENCES `users` (`id`) ON DELETE CASCADE;

/*!40101 SET CHARACTER_SET_CLIENT=@OLD_CHARACTER_SET_CLIENT */;
/*!40101 SET CHARACTER_SET_RESULTS=@OLD_CHARACTER_SET_RESULTS */;
/*!40101 SET COLLATION_CONNECTION=@OLD_COLLATION_CONNECTION */;
